Species;STI;STIsd
Angelica archangelica;5.47082387;3.530621446
Arabis alpina;7.946938757;6.065023382
Armeria maritima;9.923841136;3.913356934
Bartsia alpina;3.989420393;4.776783453
Bistorta vivipara;4.908364324;4.141925416
Cardamine pratensis;7.621869693;3.981951655
Carex panicea;7.290159769;3.551514951
Cerastium alpinum;5.101601554;5.067558012
Coeloglossum viride;7.058860585;3.900555657
Hieracium alpinum;3.35813778;4.464499568
Hierochloe odorata;6.594924459;4.02914092
Hippuris vulgaris;6.682892266;3.656295086
Juncus articulatus;9.298618113;3.977561808
Minuartia biflora;1.909929874;4.593255202
Oxyria digyna;3.961671359;4.508269841
Parnassia palustris;7.602249674;3.957687735
Polygonum aviculare;8.595994238;4.529719971
Potentilla anserina;7.869617673;2.862674035
Potentilla crantzii;4.916027911;4.105214998
Sagina nodosa;6.680150783;3.384251209
Sagina procumbens;8.229519805;4.208554694
Saxifraga oppositifolia;5.684845716;4.578553053
Saxifraga stellaris;4.540143204;4.368697775
Sedum acre;8.63041171;4.070681291
Sedum annuum;5.77111942;4.696022123
Selaginella selaginoides;4.198426469;4.04538345
Senecio vulgaris;8.79498901;4.322413714
Silene acaulis;5.468583275;5.010311085
Tofieldia pusilla;3.04013338;4.009948569
Alchemilla alpina;4.747923421;4.683732789
Campanula rotundifolia;6.640137509;3.641062706
Cerastium fontanum;7.505324323;3.902681455
Loiseleuria procumbens;3.301697014;4.293081368
Rhinanthus minor;7.276308981;3.816694596
Saxifraga nivalis;1.061755248;2.859611367
Sibbaldia procumbens;3.943525992;4.740819176
Veronica serpyllifolia;7.64965059;3.993949618
Pinguicula vulgaris;6.127288967;3.879279729
Ranunculus reptans;4.546571287;3.390973238
Calamagostris stricta;4.246991358;3.336275293
Carex canescens;6.931652989;3.715441067
Carex chordorrhiza;3.944026228;3.204079648
Carex nigra;7.554487205;3.946093665
Carex rostrata;7.081611517;3.800997601
Deschampsia flexuosa;7.895153289;4.407834872
Elymus repens;8.523123589;4.394064535
Eriophorum angustifolium;7.002464892;3.755490029
Galium boreale;5.991997293;3.559934942
Galium verum;8.855251231;3.636764663
Gnaphalium norvegicum;3.300206268;4.205940257
Honckenya peploides;7.242088177;3.725684625
Juncus bufonius;8.683295783;4.300935582
Juncus filiformis;5.317044018;3.469158918
Juncus trifidus;4.316824037;4.712103893
Juniperus communis;7.844230614;4.219518275
Menyanthes trifoliata;6.962190049;3.709839649
Saxifraga hypnoides;9.966037041;2.027950961
Thalictrum alpinum;2.696940747;4.071664263
Vaccinium uliginosum;6.277198456;3.830039006
Nardus stricta;7.257136109;3.905917564
Plantago maritima;7.304817763;3.947068811
Veronica alpina;4.882986392;5.105368987
Dryas octopetala;5.98893524;4.887273671
Agrostis stolonifera;8.671221357;4.249108706
Alopecurus aequalis;6.974184538;3.745353423
Alopecurus geniculatus;7.437703006;3.356252035
Atriplex patula;9.169272751;3.576255406
Botrychium lunaria;6.52841131;3.493849549
Capsella bursa-pastoris;8.367962772;4.354557564
Carex bigelowii;1.449709961;3.128994934
Carex capillaris;4.901442558;3.541393298
Carex demissa;6.935261368;2.270127585
Carex dioica;5.461438426;3.458805037
Carex limosa;5.24849255;3.410824771
Carum carvi;6.837805241;3.763725123
Cochlearia officinalis;7.041515624;3.198620437
Cystopteris fragilis;7.986744848;4.215390613
Diphasiastrum alpinum;3.733792524;4.300032448
Draba incana;3.237969172;3.963108765
Draba verna;9.759648992;3.209360693
Eleocharis palustris;8.653657595;4.070941717
Eleocharis quinqueflora;7.445269113;3.163184168
Gentiana nivalis;4.036149977;5.045798486
Gentianella campestris;6.089289902;3.423458896
Leymus arenarius;6.053029518;2.928318026
Montia fontana;7.221206271;3.871590167
Poa alpigena;0.686103605;2.544476836
Poa alpina;5.989631143;5.279002872
Poa annua;8.295615987;4.402133106
Potamogeton natans;8.203330507;3.927694849
Puccinellia distans;8.858718348;3.357496174
Rhodiola rosea;4.087947229;4.021591582
Rumex longifolius;3.649599028;3.212493369
Salix lanata;-0.159830415;1.90913175
Saxifraga cespitosa;0.669824016;2.509332165
Saxifraga rivularis;0.308909617;2.286793706
Silene uniflora;6.758436923;3.994572756
Stellaria crassifolia;4.373346749;3.360567114
Triglochin palustris;7.284910274;3.366304733
Veronica scutellata;7.34652064;3.546873655
Viscaria alpina;1.942625158;3.721455843
Scorzoneroides autumnalis;7.313626658;3.80906156
Valeriana sambucifolia;7.512932648;3.832022724
Erodium cicutarium;9.322008415;3.884505808
Geranium robertianum;9.571964416;3.711803107
Rumex crispus;9.332396251;3.647062873
Sonchus asper;9.476130533;3.737148925
Sonchus oleraceus;9.407985904;3.807978465
Fumaria officinalis;9.095028746;4.002551562
Medicago lupulina;9.76874875;3.517909473
Lychnis flos cuculi;8.436946595;3.697976866
Convolvulus arvensis;9.635109358;3.651396652
Daucus carota;10.11650327;3.289890587
Lotus corniculatus;9.332670243;3.914329389
Succisa pratensis;8.126986504;2.898056911
Valeriana officinalis;9.116712865;2.694314007
Euphrasia frigida;1.034258697;2.549128017
Gentianella amarella;5.646719024;2.975021637
Poa trivialis;8.729876183;4.415624067
Saxifraga hirculus;5.09490683;3.342234042
Anthemis arvensis;9.436102764;3.727493714
Lamium purpureum;8.677269343;3.420359755
Myosotis arvensis;8.261686557;4.063032025
Plantago lanceolata;9.419163452;3.795031671
Arctostaphylos uva-ursi;5.985977318;3.917312365
Carex vaginata;2.659373095;2.89138356
Centaurea cyanus;8.444562167;3.808814099
Empetrum nigrum;5.481186651;3.710560479
Saxifraga aizoides;4.713570715;4.610456196
Corallorhiza trifida;5.583556848;3.583756692
Melampyrum sylvaticum;5.262743361;3.703457198
Epilobium anagallidifolium;4.387553147;4.604112604
Bellis perennis;9.764460395;2.956507055
Limosella aquatica;7.689622566;2.192055809
Agrimonia eupatoria;9.754585361;3.497930022
Anthyllis vulneraria;9.097377763;4.141283243
Aquilegia vulgaris;8.650398574;3.141789373
Arrhenatherum elatius;9.023325253;3.396559093
Chelidonium majus;9.599409411;3.493392746
Cirsium vulgare;9.02945066;3.805623354
Conyza canadensis;10.05537814;3.402411588
Euphorbia helioscopia;9.153549332;3.902639268
Galium aparine;9.079501711;4.122243949
Lolium perenne;9.454502586;3.756956442
Luzula campestris;9.417455432;3.229670372
Lycopus europaeus;9.722971374;3.385071612
Papaver rhoeas;10.15331156;3.3956762
Trifolium arvense;9.700964404;3.619318353
Viola arvensis;8.623803727;3.564905512
Agrostemma githago;9.440023431;3.846903065
Echium vulgare;9.841665188;3.524063926
Lamium amplexicaule;9.068777007;3.943402596
Ranunculus flammula;8.61476516;3.536792968
Sambucus nigra;9.981110245;2.923400677
Trifolium fragiferum;10.44311721;3.214351004
Artemisia vulgaris;8.045544482;3.89279207
Gnaphalium uliginosum;8.016189877;3.509618838
Carex flava;7.507792259;3.916337169
Crataegus monogyna;10.09332099;3.348788658
Festuca arundinacea;9.174943198;2.430739277
Glechoma hederacea;8.354661008;3.448435074
Glyceria fluitans;9.102994919;3.831066079
Iris pseudacorus;9.401308377;3.520567457
Lapsana communis;9.004448728;3.621440395
Salix purpurea;10.27402195;3.139630341
Alnus glutinosa;9.16374872;3.670495802
Briza media;9.089888869;3.021812559
Rubus caesius;9.522874826;2.882625336
Geranium lucidum;11.25033643;3.38645472
Lythrum salicaria;9.485957103;3.278446163
Clinopodium vulgare;9.723762889;3.532566515
Senecio jacobaea;9.03513847;2.728415727
Solanum dulcamara;9.613275035;3.446563768
Ranunculus bulbosus;10.03973232;3.311363195
Festuca pratensis;7.815142877;3.401403844
Geum urbanum;9.007283057;3.577678159
Potentilla reptans;9.985146969;3.225505817
Prunus spinosa;9.94546764;2.792865844
Ranunculus ficaria;9.74848199;3.389800964
Rosa canina;9.987121247;3.210862113
Epilobium montanum;8.028265139;3.542032908
Juncus bulbosus;7.535468934;3.271119879
Sedum telephium;8.63414361;2.952188032
Arabis hirsuta;8.872318869;3.848371603
Carex disticha;8.316146546;2.193036896
Mentha arvensis;7.239835098;3.342026328
Aster tripolium;9.051215535;2.974289407
Lobelia dortmanna;4.855637545;3.058583417
Nymphaea alba;9.234355979;3.22478648
Gnaphalium sylvaticum;7.140874713;3.517859818
Linum catharticum;8.497112279;2.940266791
Ophioglossum vulgatum;8.520464783;2.699048504
Schoenoplectus tabernaemontani;9.848865245;3.174269303
Tanacetum vulgare;7.531947351;3.863328861
Carex pilulifera;7.939265478;3.192086079
Stachys palustris;8.267146432;3.295543173
Alliaria petiolata;9.471290206;3.196733338
Drosera intermedia;8.252004175;3.125496339
Carex flacca;10.45811383;3.212047588
Hyoscyamus niger;9.4055959;3.374146904
Hypericum perforatum;9.763573323;3.449022361
Lepidium ruderale;9.217197775;3.658047568
Ranunculus arvensis;11.01120094;3.203297733
Saxifraga granulata;9.019389355;3.052009396
Sedum album;10.70127688;3.495482158
Veronica arvensis;9.455542058;3.599500344
Nuphar lutea;8.383497953;3.850992407
Pyrus communis;10.10180236;2.953524498
Artemisia campestris;9.210296271;3.436699244
Calluna vulgaris;7.221780975;4.128961306
Cirsium arvense;8.649979163;4.045823371
Dactylis glomerata;9.082611423;3.659802909
Phleum pratense;8.309313028;3.956195702
Plantago major;8.820277036;4.338762797
Prunella vulgaris;8.843925872;4.126372695
Pteridium aquilinum;9.338249702;3.747030182
Rumex acetosa;8.371345171;4.419750864
Salicornia europaea;11.14179215;4.033470344
Salsola kali;11.18249616;3.275511182
Spergularia marina;9.849109181;4.258309075
Stellaria media;8.361462887;4.408514092
Trifolium pratense;8.622780228;4.326717933
Trifolium repens;8.635273564;4.377939186
Veronica agrestis;8.507636116;3.301914131
Butomus umbellatus;9.082378891;3.314106562
Eupatorium cannabinum;9.577762843;2.910386162
Agrostis capillaris;7.842563781;4.175474292
Alisma plantago-aquatica;8.506918517;3.639859566
Anthoxanthum odoratum;7.967475047;4.31039756
Arabidopsis thaliana;9.056361635;3.524616224
Arctium minus;9.396594146;3.411267929
Arenaria serpyllifolia;9.096080698;3.593262265
Asplenium trichomanes;9.750100114;3.628011829
Atriplex prostrata;9.613466769;3.332901005
Bolboschoenus maritimus;9.635924984;2.974959512
Brassica rapa;8.624016437;4.10984545
Cardamine hirsuta;10.50656418;3.12541262
Centaurium pulchellum;10.45036314;3.020139307
Cerastium glutinosum;10.97057378;2.991048466
Cirsium palustre;8.183785688;3.439129064
Clinopodium acinos;9.121862695;3.325827635
Danthonia decumbens;8.267965392;2.618527243
Dryopteris dilatata;9.214437258;2.599620157
Erigeron acer;8.075506706;4.242652482
Fallopia convolvulus;8.664528899;3.880990042
Festuca rubra;8.102725522;4.27992783
Frangula alnus;7.894751042;3.738258528
Humulus lupulus;8.466435959;3.233387325
Juncus effusus;9.304272601;3.264459263
Lemna gibba;10.74429735;3.105391253
Lemna minor;9.452922651;3.271562544
Leucanthemum vulgare;7.800705667;4.054248623
Lonicera periclymenum;10.43794921;2.614412638
Medicago sativa;9.899793525;3.222874188
Papaver somniferum;9.474383414;3.820409375
Persicaria hydropiper;8.858522129;3.080095152
Persicaria lapathifolia;8.891984883;3.69859542
Persicaria minor;9.214713751;3.084568309
Philadelphus coronarius;13.56499614;3.735497672
Phragmites australis;8.4659966;4.233803739
Polygala vulgaris;9.428656117;3.206560926
Polypodium vulgare;8.189624048;4.358252621
Ranunculus aquatilis;9.031300337;2.812826743
Raphanus raphanistrum;9.322926705;3.475959651
Saponaria officinalis;9.772666873;3.080578662
Silene vulgaris;8.406529939;4.198385423
Sisymbrium officinale;9.708757292;3.223108651
Sparganium emersum;8.392414328;3.577649792
Spergula arvensis;8.531036139;4.16767177
Suaeda maritima;11.41855135;3.223862646
Typha angustifolia;9.450152951;3.142537787
Urtica urens;8.875827506;3.768773654
Veronica chamaedrys;8.176154421;3.728799177
Vicia hirsuta;9.158615019;3.583751083
Viola riviniana;8.43340128;3.754732213
Filipendula vulgaris;9.038249257;2.527457154
Agrostis canina;7.630117397;3.535632456
Alopecurus pratensis;7.833011799;3.856905265
Barbarea vulgaris;8.625015729;3.766372119
Deschampsia cespitosa;7.480679283;3.93910225
Festuca ovina;7.470259508;3.947065472
Quercus robur;8.669407583;2.701449467
Senecio sylvaticus;8.848969948;2.77816126
Taraxacum officinale;8.266369453;3.693563075
Typha latifolia;9.131717116;3.094493441
Vicia sativa;9.481568261;3.351939716
Colchicum autumnale;9.894924206;2.251959138
Cornus sanguinea;9.64181083;2.871163883
Erigeron acris;7.725325009;4.010137104
Matricaria recutita;9.266878219;3.744948814
Molinia caerulea;7.131705044;3.849661857
Asperugo procumbens;8.912222104;3.878360504
Myosotis ramosissima;10.3198839;3.130246552
Rosa gallica;10.1766341;2.903238114
Galium album;8.539502506;4.095472041
Galium palustre;7.901835757;4.202305625
Heracleum sphondylium;7.957516459;4.039695247
Geranium sanguineum;9.321057644;2.729318959
Rumex acetosella;7.936443506;4.261040122
Valerianella locusta;9.691174913;2.544070568
Anchusa arvensis;8.837576884;2.932662778
Carex leporina;7.912436311;3.491485597
Juncus compressus;9.258202563;3.066115941
Juncus conglomeratus;8.990049772;3.077314084
Torilis japonica;9.48452533;2.637688908
Veronica officinalis;8.114723318;3.716824059
Carex echinata;7.39618684;3.566748425
Helianthemum nummularium;9.5284952;2.849029791
Sorbus aucuparia;7.321157635;3.923335342
Ajuga pyramidalis;6.615731043;3.797335092
Artemisia absinthium;8.643917945;2.968099389
Ranunculus sceleratus;9.315271061;3.092322859
Alopecurus arundinaceus;9.020090622;3.775148415
Cerastium arvense;8.185696914;3.471302636
Corylus avellana;8.970884096;3.131065524
Milium effusum;7.477668677;3.979059718
Polygonatum odoratum;8.309521508;3.153852216
Prunus avium;9.277355272;2.276332572
Sorbus aria;10.19627985;3.546996605
Spergularia rubra;8.952217831;3.101555922
Carex spicata;9.652075423;3.164930647
Odontites vernus;9.150702141;3.056463561
Ribes uva-crispa;8.628975437;2.80194348
Sinapis arvensis;8.595972331;3.776954124
Lathyrus niger;8.777916411;2.893419804
Monotropa hypopitys;8.192939038;2.844822956
Silene nutans;8.869539399;2.90765118
Anthriscus sylvestris;7.368234419;3.801303794
Carex pseudocyperus;8.460000858;2.524102999
Turritis glabra;8.002416135;3.710034187
Viola odorata;9.569347493;2.496563151
Berberis vulgaris;9.047243618;2.632159868
Sagina maritima;10.30154609;3.344075792
Saxifraga tridactylites;9.836468456;3.06018669
Primula veris;8.67147508;2.835289468
Asplenium septentrionale;7.633847835;3.351647802
Bromus hordeaceus;8.384273775;2.608929888
Carex acuta;8.055702883;3.052156207
Knautia arvensis;8.317273475;3.353173282
Origanum vulgare;9.208428865;3.103685212
Plantago media;7.794366465;3.48560911
Poa nemoralis;7.748994269;4.112305032
Viola canina;8.054139752;3.186065117
Brachypodium pinnatum;9.391363163;3.205574122
Helictotrichon pratense;8.534126232;2.783295344
Rhynchospora alba;7.57104418;3.151644349
Verbascum thapsus;8.807886424;3.188215419
Fraxinus excelsior;8.493811631;2.476516568
Triglochin maritima;7.584467845;3.354195708
Carex caryophyllea;9.182998238;2.693244066
Glaux maritima;7.749985294;2.929303985
Trifolium montanum;8.619613464;2.518538551
Veronica beccabunga;8.575434403;2.976797503
Galeopsis tetrahit;8.065517823;3.450833043
Melampyrum pratense;6.980528256;3.774455194
Scutellaria galericulata;7.845017506;3.494615192
Cochlearia danica;9.253913387;2.347503473
Draba muralis;10.72811839;2.488163584
Helictotrichon pubescens;7.970830776;2.983109195
Malus sylvestris;9.108455686;2.447702901
Malva moschata;9.772914582;2.655957926
Paris quadrifolia;7.213496717;3.846446643
Scirpus sylvaticus;8.284916312;3.136269091
Tussilago farfara;7.975046312;3.926742798
Stachys sylvatica;8.485591087;3.153762836
Viburnum opulus;7.759663808;3.146507327
Gymnadenia conopsea;7.694518461;4.016694723
Scleranthus annuus;8.653698146;3.130731465
Alyssum alyssoides;9.602649127;3.032559431
Campanula patula;7.598032714;2.87603816
Vincetoxicum hirundinaria;9.405285298;2.636915752
Allium ursinum;9.128148584;2.514044336
Antennaria dioica;6.677246877;3.703222278
Convallaria majalis;7.688605858;3.478880681
Descurainia sophia;8.917273572;3.635068074
Hieracium pilosella;8.24174382;3.265053121
Oxalis acetosella;7.470065055;3.349527629
Rosa rubiginosa;9.316241184;2.34275731
Vinca minor;9.75373243;2.531764779
Eleocharis acicularis;7.3249892;3.675182424
Lathyrus linifolius;8.816791291;2.775177454
Phalaris arundinacea;7.760875628;3.444414079
Pimpinella saxifraga;8.12551555;3.369402553
Poa compressa;9.095078274;2.654488294
Asplenium ruta-muraria;9.917625528;2.647605733
Carex hirta;8.883858124;2.597096095
Centaurea jacea;8.031556136;3.019971205
Centaurea scabiosa;8.083780662;2.630762063
Fagus sylvatica;9.426033016;2.335736971
Galium uliginosum;6.77013554;3.666005959
Hieracium umbellatum;7.423653642;3.942294128
Tragopogon pratensis;8.586965849;2.787000544
Rosa pimpinellifolia;9.607644507;2.301060068
Stellaria holostea;8.913820847;2.559060975
Ulmus glabra;8.168453666;3.039566055
Cardamine impatiens;8.785665995;2.496215318
Laserpitium latifolium;9.261966083;2.583729457
Trollius europaeus;5.991024945;3.585915721
Thlaspi arvense;7.671387957;3.788621316
Myosotis stricta;8.05563312;2.591656597
Scrophularia nodosa;8.362972954;2.878817488
Stellaria nemorum;6.986618339;3.407912716
Campanula trachelium;8.903428165;2.643775627
Carlina vulgaris;9.36098597;2.348255562
Elymus caninus;7.266693795;3.692606938
Epilobium angustifolium;7.893438167;4.085718895
Poa pratensis;7.718224346;3.542457646
Scleranthus perennis;8.961969742;2.612647559
Viola rupestris;7.512128947;3.226691067
Senecio viscosus;8.365557809;2.707426107
Campanula glomerata;8.289483616;2.623168721
Symphytum officinale;8.918465605;2.447875379
Pedicularis palustris;6.596886793;3.642581113
Polygonatum multiflorum;8.961540589;2.703542928
Lamium album;8.153274507;2.421161626
Ranunculus lingua;8.331837665;2.551442845
Rumex hydrolapathum;8.566572678;2.116181267
Actaea spicata;7.158510988;3.495327061
Myrrhis odorata;8.474526079;2.477207675
Dianthus deltoides;7.7849655;3.341258934
Sanguisorba officinalis;8.696604389;2.548920358
Tilia platyphyllos;9.624368386;2.399816121
Aster novi belgii;8.522857766;1.962738489
Sonchus arvensis;7.581343227;3.650406544
Viola tricolor;7.295597515;3.304859185
Juncus gerardi;7.672573342;3.384141226
Sesleria caerulea;8.591816553;2.381466965
Digitalis purpurea;10.28309843;2.167272709
Rhynchospora fusca;7.151351993;3.373870575
Achillea millefolium;7.322265494;3.842585835
Angelica sylvestris;7.373474917;3.68748035
Armoracia rusticana;8.466852824;2.290230726
Bidens tripartita;8.785836575;2.958244497
Carex diandra;6.542770611;2.964442461
Carex lasiocarpa;5.446241422;3.392266921
Carex pallescens;7.505901847;3.461432403
Carex vesicaria;7.054983265;3.550771581
Crepis paludosa;6.902642355;3.242419464
Eriophorum vaginatum;6.506783391;3.624684229
Euonymus europaeus;9.322845574;2.269358419
Euphrasia nemorosa;7.605833522;2.536189501
Hesperis matronalis;8.828271394;2.472394675
Huperzia selago;6.080943703;3.515076794
Lathyrus pratensis;7.51127382;3.813062823
Luzula multiflora;7.417260848;3.890303926
Lysimachia minima;8.915570009;2.475597363
Lysimachia vulgaris;8.365061065;2.92518546
Matricaria discoidea;7.363841603;3.324786089
Mercurialis perennis;8.930059962;2.414641862
Myosotis scorpioides;8.334794196;3.055950204
Myrica gale;6.381746278;3.453833971
Persicaria amphibia;8.319382123;2.740051411
Rhamnus cathartica;8.907340794;2.455023004
Ribes nigrum;6.89772353;2.712859788
Rorippa palustris;7.283180765;3.345208674
Rosa mollis;6.21811373;2.94860227
Solidago virgaurea;7.244810632;3.791344706
Sparganium angustifolium;3.880420979;3.592655306
Trifolium medium;8.203475645;2.680069996
Vaccinium myrtillus;6.682994107;3.685882184
Vicia cracca;7.728749531;4.076437845
Vicia sepium;7.748468989;3.492266267
Vicia sylvatica;7.062124688;2.63084891
Viola palustris;5.630444275;3.591329285
Vaccinium oxycoccos;5.853842201;3.154507448
Salix pentandra;6.942255197;3.229616747
Blysmus rufus;6.072058984;2.777803558
Achillea ptarmica;6.925245851;3.542179151
Dactylorhiza maculata;7.201832785;3.883829316
Epilobium palustre;6.736855797;3.684024815
Galeopsis bifida;7.196150125;3.475709838
Galeopsis speciosa;7.08876883;3.440575002
Lathyrus palustris;7.466244036;2.43084362
Ligusticum scoticum;4.101739099;3.314401587
Listera cordata;5.502793956;3.783429956
Neottia ovata;8.147702303;3.469096802
Potamogeton perfoliatus;7.233249012;3.535299365
Ranunculus auricomus;7.096921716;3.716055977
Thelypteris palustris;8.771814813;2.745871676
Carex elata;8.725616842;2.328537353
Trifolium hybridum;7.729142336;3.125701005
Aegopodium podagraria;8.185497501;2.474591477
Hypericum maculatum;7.256648851;3.043060562
Platanthera bifolia;7.717878006;3.510679473
Platanthera chlorantha;8.998953388;2.571916023
Potentilla fruticosa;9.243008186;1.961327801
Andromeda polifolia;5.256766302;3.398974149
Lactuca muralis;8.807951826;3.033075455
Thalictrum flavum;7.841260512;3.183098136
Erysimum cheiranthoides;7.483582201;3.379523288
Luzula pilosa;6.595453647;3.620182051
Phegopteris connectilis;6.158208769;3.611695417
Pyrola media;5.902506399;2.908438291
Sagittaria sagittifolia;7.599018249;3.188122691
Linaria vulgaris;7.434954361;3.612340576
Pyrola minor;6.629009057;3.717415714
Vaccinium vitis-idaea;6.077170627;3.552204169
Cicuta virosa;6.819995749;2.933466087
Lysimachia nummularia;8.742212099;2.290962508
Geranium pratense;7.270227677;2.548679306
Saussurea alpina;2.368006937;3.82745232
Carex pauciforia;3.217626574;3.215265539
Cirsium helenoides;4.063908479;3.591165417
Trientalis europaea;5.138350498;3.363579624
Lathyrus sylvestris;8.456741708;2.642944877
Adoxa moschatellina;7.784013698;2.81747983
Vicia tetrasperma;9.070099764;2.977020149
Arctium lappa;9.004458586;2.576621528
Cerastium semidecandrum;9.07016604;2.823380169
Epilobium adenocaulon;6.74988298;2.447011093
Geranium pusillum;8.654557079;2.35507032
Calamagrostis epigejos;8.225437511;3.722716657
Potentilla argentea;8.245987924;3.668839619
Carex magellanica;3.865969862;3.525062478
Orthilia secunda;5.833838842;3.698241215
Sambucus racemosa;7.260143146;2.788912226
Eleocharis uniglumis;7.907648644;2.955427059
Goodyera repens;5.581182573;3.46260845
Dryopteris expansa;4.752906075;3.414032606
Viola biflora;5.599554463;4.830303406
Veronica verna;7.404651279;2.738923079
Veronica spicata;8.458229092;2.234104141
Lathyrus tuberosus;9.559205566;2.357917138
Isatis tinctoria;9.926677278;2.610659305
Gagea lutea;8.21962615;2.885819276
Viola hirta;9.271764043;2.627312237
Hepatica nobilis;7.706522329;2.756685414
Myosotis sylvatica;9.400039366;2.754886349
Crataegus laevigata;9.796208197;2.6011289
Pulsatilla vernalis;5.853659142;3.134778193
Anemone ranunculoides;8.387634106;2.430357721
Myosurus minimus;8.605761782;3.064001975
Carex elongata;7.621805342;2.664004249
Camelina sativa;8.897485398;2.543178613
Fallopia dumetorum;8.794531517;2.943529987
Galeopsis ladanum;8.471332954;2.734846897
Hypericum hirsutum;9.117704365;2.733337048
Salix viminalis;10.3381383;1.650486355
Verbascum nigrum;8.385267954;2.729097489
Rhinanthus serotinus;7.587275294;2.673583032
Euphrasia stricta;7.393242847;3.421684846
Tilia cordata;8.341239205;2.855794344
Acer platanoides;8.084199933;2.765635383
Astragalus alpinus;2.192481782;4.02729998
Cardamine amara;7.640971583;2.698888318
Allium oleraceum;8.31639228;2.605404248
Fragaria viridis;8.859346323;2.929817316
Acer negundo;8.886567265;2.157236224
Corydalis solida;8.894967539;2.778621761
Galanthus nivalis;10.19931623;2.849447439
Euphorbia cyparissias;9.297867224;2.418236724
Salix fragilis;8.486475343;1.993336005
Inula salicina;8.781214375;2.658431316
Melampyrum cristatum;8.769500316;2.261103957
Trifolium aureum;7.763475193;2.640984858
Cotoneaster integerrimus;8.31105932;3.367834733
Cystopteris montana;3.768105059;4.709984159
Callitriche palustris;6.080617462;3.635071273
Campanula rapunculoides;7.911916018;2.585448917
Cicerbita alpina;4.696895931;3.98282621
Delphinium consolida;8.921726797;2.755938483
Pyrola chlorantha;5.964969757;3.051874869
Trifolium spadiceum;6.271066636;2.420055564
Dianthus superbus;7.953277269;2.919108072
Fritillaria meleagris;8.970890134;2.164635567
Impatiens noli tangere;7.746943023;2.7803029
Lonicera xylosteum;7.712532407;2.784745689
Cardamine bulbifera;8.853869951;2.595933126
Muscari botryoides;10.13254741;2.84031297
Spergula morisonii;8.307108024;2.755900917
Petasites hybridus;9.513664007;2.264071313
Melampyrum arvense;9.309604917;2.346561884
Circaea alpina;6.389515192;3.184229203
Bunias orientalis;7.56395749;2.563788227
Peucedanum palustre;6.670884548;3.045269377
Crambe maritima;8.522873749;1.493867074
Viscaria vulgaris;7.429381421;2.619507896
Melica nutans;7.066981311;4.043221531
Pyrola rotundifolia;6.009294195;3.427570374
Daphne mezereum;6.671795668;3.600999401
Impatiens parviflora;8.256708618;1.924589559
Allium scorodoprasum;8.884762081;1.949404126
Geranium sylvaticum;5.960217528;3.712940906
Primula farinosa;6.42191403;1.969488617
Carex aquatilis;1.05178199;2.55282249
Cardaminopsis arenosa;7.473159641;2.643942299
Calamagrostis canescens;6.194273743;2.997283979
Potentilla norvegica;5.633373168;2.526426712
Campanula persicifolia;7.966673709;2.658782497
Caragana arborescens;10.08954167;0.143248049
Pinguicula alpina;4.230360556;5.138969424
Polemonium caeruleum;5.368238891;3.008012539
Draba nemorosa;7.549701293;2.39389046
Allium schoenoprasum;7.119266764;3.21638861
Polygala amarella;7.553389435;2.127683036
Anthemis tinctoria;8.246181898;3.43365598
Carduus crispus;6.830588171;3.405609734
Maianthemum bifolium;6.198712862;3.374843247
Alchemilla glaucescens;7.341022695;2.730523671
Arctium tomentosum;7.738933563;2.438884144
Carex digitata;6.602076032;3.227784191
Erysimum odoratum;9.791600496;2.05632171
Poa palustris;6.363920909;3.299250256
Alchemilla subcrenata;5.932486546;3.249758044
Cypripedium calceolus;7.028635704;2.665493765
Moneses uniflora;5.653035167;3.707186384
Viola stagnina;8.086491626;1.838837882
Alchemilla monticola;6.809444492;3.153710635
Fragaria moschata;7.866829944;2.193464493
Rosa majalis;5.169401399;2.852499489
Calamagrostis arundinacea;7.184343351;2.552238713
Crepis tectorum;6.438202951;3.469326397
Arctous alpina;2.665738226;4.067493692
Epilobium collinum;5.904953483;3.738016649
Larix decidua;7.623469689;3.357261124
Tofieldia calyculata;7.835977143;2.018532991
Corydalis intermedia;6.591171037;2.691356627
Dryopteris cristata;7.042766815;1.853748593
Hypochaeris maculata;7.319516466;2.894828356
Lilium bulbiferum;9.212693391;3.530156301
Picea abies;4.797227557;3.274526556
Primula auricula;8.441947045;3.747166655
Pulmonaria officinalis;7.84838359;2.044294257
Dactylorhiza sambucina;6.016653497;2.634105476
Eleocharis mamillata;6.381741197;2.693782559
Gagea minima;7.346233481;2.297393672
Scheuchzeria palustris;5.186171604;2.712372119
Linum perenne;9.16508358;2.25291257
Calla palustris;6.084924634;2.897737277
Lysimachia thyrsiflora;5.202127297;2.990674291
Rumex thyrsiflorus;7.871423352;1.980681051
Berteroa incana;7.178050539;3.137529507
Pulmonaria obscura;7.55854359;1.947528174
Carex cespitosa;5.798984116;3.369774468
Thymus serpyllum;6.776690437;1.778978596
Veronica longifolia;6.020319804;3.302393612
Crepis praemorsa;7.424269713;1.811871633
Nymphaea candida;5.575464687;2.809649562
Botrychium multifidum;5.501673584;3.08249935
Viola mirabilis;6.686208815;3.178893308
Lathyrus vernus;8.015594425;2.641067748
Astragalus frigidus;3.043409898;4.649402218
Matteuccia struthiopteris;5.031534119;3.740745275
Carex buxbaumii;5.556901274;3.463468453
Scutellaria hastifolia;10.78476354;2.107884262
Trichophorum alpinum;3.419768964;3.389469286
Delphinium elatum;5.835550467;1.312765137
Silene noctiflora;7.994899786;1.951545797
Chimaphila umbellata;6.692669518;1.980934434
Ranunculus polyanthemos;7.634817568;2.496739385
Hierochloe australis;7.557360642;1.862679108
Melampyrum nemorosum;7.42745667;1.546089472
Pedicularis sceptrum carolinum;3.61724354;3.217495344
Poa remota;5.238047746;2.424298947
Orchis mascula;9.29832141;2.596337904
Ledum palustre;4.768994009;3.373391613
Viola epipsila;3.875764384;3.251668736
Agrostis gigantea;6.226137647;2.088894066
Cornus suecica;2.046098975;3.045657018
Potentilla intermedia;5.118460098;1.883966228
Diphasiastrum complanatum;4.360519648;3.513668532
Gentianella uliginosa;8.656685155;0.551437769
Botrychium matricariifolium;5.617999758;2.155665727
Levisticum officinale;5.283410827;2.038791055
Corydalis pumila;8.761320305;1.9934132
Linnaea borealis;3.610502047;3.163519218
Calamagrostis purpurea;2.971195606;2.944750143
Salix glauca;0.803993074;2.390737441
Vaccinium microcarpum;2.533577647;2.825126158
Woodsia ilvensis;2.176905401;2.581353247
Carex mackenziei;3.185357401;2.44800429
Phyllodoce caerulea;0.847090306;2.586850808
Carex brunnescens;1.967616178;2.65005872
Agrostis mertensii;-0.015404187;1.8643644
Crassula aquatica;3.842644508;2.218763447
Epilobium davuricum;-0.203769255;1.625209803
Pedicularis lapponica;-0.846476618;1.387361883
Diapensia lapponica;0.183122324;2.340501964
Antennaria alpina;-0.159819277;1.966618748
Carex globularis;2.884117674;2.701642152
Galium triflorum;1.95172966;2.342885033
Carex pediformis;6.093176871;1.954387487
Luzula pallescens;5.776820347;2.897540619
Botrychium boreale;0.314444931;1.948543524
Luzula parviflora;-1.478687462;1.034241809
Draba alpina;-1.252777266;1.496727295
Campanula uniflora;-0.672566074;1.759372986
Pinguicula villosa;0.121398541;1.656821262
Sorbus intermedia;6.427630178;1.00504929
Carex loliacea;2.748359642;2.823449675
Botrychium lanceolatum;2.603328183;1.730934774
Carex disperma;1.6674803;2.368167171
Cotoneaster niger;7.953583908;1.725899956
Iris pumila;9.57797962;1.525798836
Ranunculus cassubicus;7.452047018;1.750945423
Centaurium littorale;11.17341002;0.367771456
Pulsatilla patens;6.914297137;1.528214935
Centaurea phrygia;6.465767338;2.044684487
Arabidopsis suecica;3.807554128;1.404333936
Ranunculus lapponicus;-0.057478784;1.748083634
Calamagostris lapponica;-0.233979791;1.642463791
Ranunculus fallax;4.538835766;1.180282293
Carex glareosa;2.001909821;2.482026517
Lactuca sibirica;0.919963311;2.479055029
Calypso bulbosa;0.413560636;1.442969313
Polemonium acutiflorum;-1.013347695;1.177310781
Syringa vulgaris;10.10603724;1.421356951
Silene viscosa;7.29359009;1.653975114
Chamaedaphne calycalata;3.726883415;2.613683788
Viola selkirkii;2.866070805;0.956901968
Nymphaea tetragona;2.816815772;1.075818969
Festuca beckeri;10.67184271;2.292246168
Larix sibirica;NA;NA
Alnus incana;5.782714983;3.750999525
Anemone nemorosa;7.847923811;2.986132792
Athyrium filix-femina;7.290043934;4.064632515
Betula nana;2.63228507;2.974548154
Betula pendula;7.186501775;3.42528833
Betula pubescens;6.286491784;3.732205177
Caltha palustris;7.031561066;3.716839296
Chrysosplenium alternifolium;7.409891085;2.568472799
Comarum palustre;6.036417344;3.575280054
Drosera rotundifolia;6.579313104;3.82253054
Dryopteris carthusiana;7.067742545;3.254674431
Dryopteris filix-mas;7.716811397;3.656360549
Equisetum arvense;7.447909746;4.085877963
Equisetum fluviatile;6.680300422;3.848464376
Equisetum palustre;7.216704061;4.027140837
Equisetum pratense;4.642351329;3.476851888
Equisetum sylvaticum;5.832038395;3.597483463
Filipendula ulmaria;6.916383141;3.741266051
Fragaria vesca;7.816022607;3.766291591
Geum rivale;6.207341891;3.446321006
Gymnocarpium dryopteris;5.979970952;3.68974346
Lycopodium annotinum;5.084851297;3.475557913
Lycopodium clavatum;6.094576623;3.647691118
Moehringia trinervia;8.182896398;3.161854495
Pinus sylvestris;5.71821892;3.688270213
Populus tremula;7.167718376;3.866213241
Potentilla erecta;7.523634534;3.850661404
Prunus padus;6.259371638;3.66722244
Ranunculus acris;7.119645698;3.766438141
Ranunculus repens;7.691694153;3.994110907
Ribes alpinum;7.570076801;2.637587074
Ribes spicatum;4.653984513;3.578934357
Rubus arcticus;1.471071986;2.533525436
Rubus chamaemorus;3.277515648;3.182906397
Rubus idaeus;6.727359391;3.578097944
Rubus saxatilis;5.676229351;3.516238271
Salix aurita;7.230110147;3.098361829
Salix caprea;7.196746215;3.813447036
Salix cinerea;7.853957926;3.02934564
Salix lapponum;3.034498483;3.166493374
Salix myrsinifolia;4.944382152;3.655040141
Salix phylicifolia;2.457053295;3.056488342
Salix repens;7.591956943;3.156739783
Salix starkeana;4.405751429;2.949004105
Silene dioica;6.866796577;3.868126436
Stellaria graminea;7.029958832;3.848115984
Stellaria longifolia;3.400560875;3.168024311
Stellaria palustris;7.401272874;2.470760236
Urtica dioica;8.042486541;4.22620674
