"name","Axis1","Axis2","Axis3","Axis4"
"Abietinella abietina",0.614647809880713,-0.783090552401996,0.398932915533034,0.316653420129142
"Acaena novae-zelandiae",-0.896759296718745,-4.091305409028,0.437261211371448,-0.852921876565314
"Achillea atrata",-3.34458290735538,3.64783195195732,-0.110239223019998,1.70898607569173
"Achillea millefolium",0.0222537516289691,-2.82777931012101,-0.514976157703799,-0.00552598717420542
"Aconitum delphiniifolium",0.421720389030957,3.37829439750329,-0.588432211097568,-0.734702063111906
"Aconitum septentrionale",0.789483490795492,1.32848813842005,0.138284091384423,0.319854076923118
"Adoxa moschatellina",0.236754488425836,-1.60184180115656,0.731283284139263,0.40200919186524
"Agrostis canina",-0.284580768911636,-1.34462028869144,0.976036961205408,-0.00894399881208835
"Agrostis capillaris",-0.25426651561058,-1.18984652858036,1.2542962806361,-0.0735291107199491
"Agrostis mertensii",0.395754893383112,2.57762690499189,0.775663425565237,-0.227236305206556
"Agrostis rupestris",-2.49347505389675,2.89142883341219,0.306143275175047,0.0304893755803291
"Agrostis stolonifera",-0.0994629647682361,-1.82263851232402,1.45900593890147,-0.172686851743659
"Agrostis vinealis",-1.03404637112634,-1.18036833938566,1.33465121583034,-0.194924556480968
"Ajania tenuifolia",3.0078156371775,1.56562356424094,-1.98530625334678,-1.58266868647634
"Ajuga australis",0.0536407755804337,-5.22040707702629,-0.375299820162517,0.115431395260401
"Alchemilla alpina",-3.51630290183653,2.33390142271283,0.536926530619809,-0.373481308333583
"Alchemilla vulgaris",0.370861513939674,-0.340799444595939,0.815764669916315,0.397256821088877
"Alectoria ochroleuca",-0.0113567827818506,3.15627521032408,0.623304899034106,-0.537832053425871
"Allium geyeri",2.30313274330343,-1.21685246475748,-1.62824334072884,-1.01728595608603
"Allocetraria madreporiformis",1.0642245578556,3.4901001932111,-0.307921877210484,-0.647216978965448
"Alopecurus magellanicus",2.70095130763324,4.3000598882163,0.539683024471426,-1.8249662589214
"Alopecurus pratensis",0.0533807577316605,-1.75149329788945,1.04629491998144,0.138186326562903
"Anaphalis lactea",0.554321519629906,1.53949323503438,-2.42180102125989,0.412224567670724
"Andromeda polifolia",-0.0610073948145686,0.802761504587982,0.366381483804818,0.428526497314916
"Androsace chamaejasme",-0.524972602619352,3.44063475613452,-0.325748806260988,0.433871533528547
"Androsace obtusifolia",-1.92818590247813,3.73239643828567,0.356989503187695,0.127657236130659
"Androsace ochotensis",3.69864568598136,5.30762963791701,-0.190659219430322,-1.54481409899316
"Androsace septentrionalis",2.52112270731332,0.195044133194548,-0.507480932283678,-0.275167851683683
"Anemonastrum narcissiflorum",-1.07263036557977,2.77879392093465,-0.728821531595323,0.589289121599769
"Anemonastrum richardsonii",2.20464587023023,3.79120998244241,-0.412332951544919,-0.874207049867524
"Anemone multifida",1.48875793052978,0.735521537732662,-0.97412980106397,-0.828895289909196
"Anemone parviflora",1.98588224460513,3.27499332462198,-0.477579827014349,-0.805320159711232
"Aneura pinguis",-2.07135250974136,-0.377149755863685,0.842533274279884,-0.0288720746054127
"Angelica saxatilis",3.37314216225672,5.29811794861592,-3.20700702636006,0.657842460198573
"Antennaria alpina",-0.882865838403245,3.43397098471893,0.961542931399497,-1.01104610421822
"Antennaria canescens",1.17430864001284,3.73617765112268,1.60286505471008,-1.39938415884322
"Antennaria dioica",0.483467864085032,1.09329312138063,0.452758488500878,0.344086608273903
"Antennaria friesiana",3.43724035903714,5.08076576618091,-0.269626735319625,-1.34217371090236
"Antennaria lanata",0.0446141080640791,3.46826420521732,0.512721614891823,-1.61078818138136
"Antennaria media",-0.105637178953783,1.68887309736174,-1.86692721021855,-2.71114611042695
"Antennaria monocephala",1.35760295416921,4.5187051203144,0.0333554590744499,-1.14498983241584
"Antennaria rosea",1.63465733411999,-0.176855809130381,-1.57639906854187,-1.55498880679949
"Anthelia julacea",-6.2557450832569,1.89798627417399,0.195607020689264,-0.27055003605396
"Anthelia juratzkana",-2.74378535946183,3.18470091131254,0.448809136382202,-0.345971900345402
"Anthemis cretica",-0.899880333366676,-2.10798440828577,-0.769288123306494,-1.05944607211743
"Anthoxanthum arcticum",4.53983647398514,5.88463450562862,0.476818238894274,-1.86893753100372
"Anthoxanthum monticola",1.93943356851936,4.4551822589156,-0.0232540692570714,-0.81483436899518
"Anthoxanthum nipponicum",-1.3225046315851,2.85322050558119,0.547419705203123,-0.0624190260725902
"Anthoxanthum nitens",0.863666639753382,0.420491994620774,0.307039210456705,0.351237165517708
"Anthoxanthum odoratum",-0.758748065103128,-1.54900845293289,0.79228683700718,0.349927255479334
"Anthyllis vulneraria",-0.683367285346641,-1.26442362975961,0.609961401707616,0.22328752194758
"Aquilegia flabellata",0.363767455526918,2.46375047484661,-2.9286495821249,1.99060194408174
"Aquilonium plicatulum",0.0110986132122054,3.0207823553952,-0.638490600540359,0.411343946315861
"Arabidopsis lyrata",0.00215131237919975,0.652932457155673,-1.15969052256751,1.40839482040351
"Arabis alpina",-2.10276902934837,1.82532960317426,0.232838968538057,0.381378540927421
"Arabis caerulea",-2.84550632747456,3.98324817550055,0.349421445494439,0.545269709198764
"Arabis soyeri",-2.60810289936292,2.81833961813846,0.0314879144615473,1.15329123506265
"Arctagrostis latifolia",3.70520068478748,4.98057786782563,-0.369183751378051,-1.05033459309
"Arctoa glacialis",-1.79420951414617,3.25306159813882,1.19754809836131,-0.935514936009877
"Arctoa starkei",-3.14886150107039,2.93380553175091,0.0480909145480315,-0.57420076183924
"Arctoparmelia separata",3.63626428302565,4.78536363351096,-0.852882180506779,-0.927378572124087
"Arctostaphylos alpinus",-1.71233757396493,2.92152481577215,0.626818561451466,-0.302354472626319
"Arctostaphylos rubra",3.57388295519306,3.62943407405518,-1.16105346222466,-0.450459730443776
"Arctostaphylos uva-ursi",0.69317444400898,-0.303702881272419,-0.586417166373616,-0.280472461121247
"Arenaria biflora",-2.72814623889014,3.84763079621904,0.260866453803901,0.37766597494514
"Arenaria norvegica",-2.03613416165724,2.14713578293758,1.78126347994062,-1.41235182267028
"Arenaria pseudofrigida",1.30867795069879,3.10371563786485,2.13633023490695,-1.37728045270619
"Argentina anserina",0.108572608927099,-1.61129060665949,0.774636153106608,0.222525354708512
"Argyrotegium fordianum",-2.94755533352254,-0.219635101999871,-0.0348343749097038,-1.75752523715463
"Argyrotegium nitidulum",-3.53375435461128,0.356681180111205,0.0679304132154986,-1.40040890158572
"Armeria maritima",-1.36676861645914,-1.79701258918753,1.50794518178822,-0.66593171476576
"Arnica angustifolia",2.70438433202091,3.92980435575513,-0.00987180539186406,-0.835119445659812
"Arnica griscomii",2.64648888427155,3.97218733160124,-0.593067641424119,-0.932464333625713
"Arnica lessingii",0.680377395350292,4.52457934733751,-0.52666161439754,-0.814499859628799
"Artemisia arctica",-0.14179091431614,4.10365153058011,-0.57724749733148,-0.544766577931933
"Artemisia borealis",2.77669901149971,3.95669889826607,-0.381614799795973,-0.960793400099853
"Artemisia glomerata",2.55611038655258,4.9826171766584,-0.128448922544695,-1.28022192155554
"Artemisia norvegica",-0.123028777090472,3.62817799186853,-0.148201010418434,-1.22606503025564
"Artemisia scopulorum",1.43575047207237,2.33187342156319,-0.979003940593519,-1.09443267047669
"Artemisia tridentata",2.66665091648623,-3.54911697651905,-2.03260612085005,-1.93401984703135
"Asahinea chrysantha",2.43638779398003,4.33419579334976,-0.753243296394388,-0.356766637047446
"Asperula gunnii",-2.03707672648965,-1.66863443996898,0.293496543669793,-1.45707590377657
"Aster alpinus",-0.316524273762742,2.03750779558451,-0.430433443437311,0.226907466114945
"Aster sibiricus",3.66694869995154,3.83801541978186,-1.59022925043063,-0.127213057308969
"Asterolasia trymalioides",-2.54424857048053,-0.954170668197505,-0.0300654085930114,-1.61514319295701
"Astragalus alpinus",0.50005477935539,2.42736796524488,0.418774711271593,-0.29547832495644
"Astragalus eucosmus",3.26958594263892,2.85529673207353,-0.702831798985832,-0.556516981135518
"Astragalus frigidus",0.721849423140071,3.00501005249969,0.332543655452559,-0.108802477498977
"Astragalus umbellatus",3.19695106557677,4.73042942773091,-0.401584995098159,-1.17418477731832
"Aulacomnium acuminatum",4.37375772891812,4.66581550494193,-1.06913926520234,-0.81498869826027
"Aulacomnium palustre",-0.233795721693296,-0.441684683250114,0.757600891670017,0.0740228840776001
"Aulacomnium turgidum",1.47688005520819,4.14256095628256,0.238501409012073,-0.710255264657785
"Australopyrum velutinum",-2.66614283560884,-0.748151507754129,-0.0510045867869952,-1.64094372295985
"Austrolycopodium fastigiatum",-6.99351436933062,1.2416925394728,0.852207007053939,0.948707725388722
"Avenella flexuosa",-0.39667901342974,-0.392129579298326,1.0640816252454,0.0293946001868536
"Barbilophozia hatcheri",-0.60017556901589,0.967783616759364,0.611552653520902,-0.233308143782712
"Barbilophozia lycopodioides",-0.938872959768962,1.8082478549106,0.452079768254386,0.133063483845231
"Bartramia ithyphylla",-1.81692133291983,0.513162548817305,0.00222096922042671,-0.141291241870164
"Bartsia alpina",-1.94994197003571,2.84096377474019,0.704329656154105,0.0581341745656254
"Betula glandulosa",2.44131559746191,3.19256243567885,-1.07084257451596,-0.463737819781105
"Betula nana",0.37247162614993,2.09970145582454,0.761162653825377,-0.0407208087841193
"Betula pubescens",-0.410462547435308,-0.0106103769642333,0.758529395289856,0.101118527657407
"Bistorta bistortoides",0.385624448848016,0.215999344171453,-2.33340626683194,-2.28918014929257
"Bistorta officinalis",-0.900727072022787,-0.327659667338619,0.512934840520688,0.710006406573222
"Bistorta vivipara",-0.672099618809679,2.21849947808075,0.563891558761366,-0.0113364034083675
"Blastenia ammiospila",-0.421407843283192,2.72920369984895,0.357871506305135,-0.29734582990321
"Blepharostoma trichophyllum",-1.01853748241101,0.844234406201213,0.388940885711561,0.269664851859197
"Bossiaea foliosa",-1.1515717668127,-2.40198422191401,0.241653264730764,-1.22744836141287
"Botrychium lunaria",-0.714318994219484,1.69400233068127,0.638910587679693,0.0505152538877214
"Boykinia richardsonii",2.87842919745266,4.73050592003396,-0.865325912707466,-1.08129408021042
"Brachyscome decipiens",-1.46827435372384,-2.27738006069476,0.384031050890481,-1.47136340413644
"Brachythecium cirrosum",0.266852600446315,3.37482236957729,-0.31975520575703,-0.428890793230099
"Brachythecium salebrosum",0.0665335618729406,-0.692134575837177,0.686186286311192,0.416510934203033
"Brachythecium turgidum",1.04118469190588,3.01579241793742,0.529103973805673,-0.497327384221038
"Braya purpurascens",4.28784437192234,6.12410170803321,0.877212350645561,-2.41031035125098
"Brideliella wahlenbergii",0.577413033622155,2.45842621649906,-0.0521441225710469,-0.140370935196088
"Bromus pumpellianus",3.91213193906245,3.18988393320114,-1.7912357747238,-0.207750014572682
"Bryanthus musciformis",-2.31169975967412,3.76853721610909,0.0518704399661706,0.106681587053135
"Bryocaulon divergens",1.47392269532966,3.72844637337627,0.505204513231636,-0.787112485520185
"Bryoerythrophyllum recurvirostrum",-1.49491014692458,-1.30302527455067,1.27417896194869,-0.243339410035203
"Bryoria nitidula",2.44030625263625,4.32978415126661,0.0454853223109268,-0.713304606932919
"Bryum argenteum",-0.338505773166214,-2.52638586695999,0.467382824201202,0.273125993365647
"Bupleurum americanum",3.15882500710566,2.61611319567707,-1.2459719634795,-0.825671145928571
"Bupleurum triradiatum",2.39511778291885,4.57197942649524,-1.86466393653876,-0.0448933267788384
"Calamagrostis arundinacea",1.40575669936014,0.0989257150492765,0.482500134504712,0.60686389077726
"Calamagrostis canadensis",0.878321186623435,0.301239024671359,-1.24083353685158,0.529508615166333
"Calamagrostis canescens",0.633582471790551,-1.00193812383828,1.17223944372141,0.109261253207819
"Calamagrostis holmii",4.5394826750593,5.9790969117967,0.361943134323974,-1.34611147612398
"Calamagrostis inexpansa",1.67803265521553,0.785408427964211,-1.17548709302238,-0.154963258991173
"Calamagrostis lapponica",1.76472139420484,2.18061739446444,0.712485624571601,-0.00872627768529271
"Calamagrostis purpurascens",2.85500886563737,2.54848683665763,-1.16811100785349,-0.965985328058601
"Calamagrostis purpurea",1.17002953632411,1.18599805146536,0.504815930332141,0.455066859744279
"Calamagrostis stricta",1.18080306943175,0.615360938181214,0.459912195836968,-0.297599073224629
"Calamagrostis villosa",-1.59242123975834,1.38379458308721,0.308880482984492,1.27774929437625
"Calliergon cordifolium",0.0898133440084651,-1.0205635337207,1.23606948231489,-0.0100983193712288
"Calliergon giganteum",0.242100632061389,0.14252535820489,1.01016847852891,0.0744501818788153
"Calliergon richardsonii",1.41744158034553,1.80862591354673,0.58535067752816,-0.00579732972159612
"Calluna vulgaris",-0.763340319309522,-0.982277127298711,0.881078058568085,0.156414831367386
"Caloplaca cerina",0.0414876309373165,-1.3149881245672,-0.0487717005546654,0.0694051088387992
"Caltha leptosepala",-0.470858082390077,1.43637370398607,-1.91271847301476,-1.93595344702782
"Caltha palustris",-0.16844015444223,-1.65089056085995,0.498102220009594,0.945600110308723
"Campanula collina",-2.26181399759769,2.86553928480773,-0.373058539898902,1.26225550855709
"Campanula dasyantha",-0.223082888779255,4.87534755174087,-2.61583179617939,1.09227206529378
"Campanula glomerata",0.678368088731326,-0.666209906311552,-0.0290138679292037,0.745434850023142
"Campanula lasiocarpa",-0.210468727875589,3.94312357284333,-0.364226268538343,-0.428635190113195
"Campanula rotundifolia",-0.459638894078533,-0.39484933067027,0.889974669718909,0.0919404944852288
"Campanula scheuchzeri",-2.33058016540501,2.81328722560734,-0.037690676846536,1.03656184939476
"Campanula tridentata",-3.36923330356375,3.69641488348964,-0.289446677431527,1.15212763141209
"Campanula uniflora",1.87752491101511,4.14084678569016,0.190345117465632,-1.16851080457273
"Campylium bambergeri",0.632678029657571,3.38083705285461,0.337418202928875,-0.568922070662058
"Campylium stellatum",-1.0346925829629,0.38565680244857,0.898822813894763,-0.031865863231351
"Cardamine bellidifolia",-0.743404397672209,3.92171884036572,0.5675459506138,-0.886692525801178
"Cardamine digitata",4.76051874073302,5.2560415296909,-0.48910453348415,-1.4200823486472
"Cardamine nymanii",0.651270610119368,2.90185846127268,1.10104655541094,-0.785667981386849
"Cardamine pratensis",-0.739257253301853,-2.24613418947038,1.19586114671157,0.264898529755667
"Carex alatauensis",2.69634039340437,1.25937977979408,-1.82542413230845,-1.40375578035783
"Carex albonigra",1.45574966518895,2.71186253866614,-0.695088694807693,-1.31941421640581
"Carex aquatilis",1.42313919082877,1.38916194016796,0.489318711231647,-0.0083892825017961
"Carex atrata",-2.41115535771357,2.99971870392289,0.607457056062431,-0.297961203509028
"Carex atrofusca",-0.511353792107125,3.23852519652612,0.628618821471518,-0.814561427908222
"Carex bigelowii",-2.51850461092157,3.18544369030941,0.66293069331858,-0.557244755481421
"Carex borealipolaris",1.9489302547909,3.62347477460601,-0.143886822659531,-0.970030216054794
"Carex brunnescens",0.540934820756541,1.47092327348393,0.525339098250837,0.298986663187059
"Carex canescens",0.0907008406121562,-0.000237605013662472,0.788904475277877,0.228601207009444
"Carex capillaris",-0.963068366620656,2.25101604946923,0.636808310455328,-0.245966970193018
"Carex capillifolia",2.57941029169309,2.19770729535854,-1.62590896835075,-1.66394307107223
"Carex capitata",2.58924001054272,2.90379867204773,-0.639430919974705,-0.295618812860913
"Carex chalciolepis",1.37065397689798,2.21128862927258,-1.03106567726724,-1.13729294116815
"Carex chordorrhiza",1.00559129317537,1.29125354106344,0.594766429905193,0.318405569627054
"Carex curvula",-2.40305070512201,3.59592198969754,0.422707073864494,-0.0453240908023826
"Carex dioica",-1.20419977672786,0.945500921528681,0.878139357711544,-0.0517866770295327
"Carex eleusinoides",3.56802328051661,4.86557680437594,-2.16029897179693,0.201525380657521
"Carex elynoides",1.78970418420373,1.96059132384872,-1.0801763659724,-1.29233826755444
"Carex flacca",-0.782337640673797,-1.51098914998429,0.723221923264042,0.539297607690654
"Carex flava",-0.542805550061445,0.720578609580624,0.399633924497783,0.683387573122829
"Carex flavocuspis",-6.16899255481758,4.11076592605173,-2.26261960775113,3.9170994103886
"Carex fuliginosa",1.24424237844361,4.62002177110782,0.665574486904805,-1.15017848397041
"Carex glacialis",0.0399678064197363,3.28053268382435,0.918761341624892,-0.939294772249391
"Carex gynocrates",2.68928829968753,2.4497042450438,-1.04550927833598,0.553773244081749
"Carex haydeniana",1.0972174357162,1.805722664968,-1.05156566046267,-1.52030669916668
"Carex heteroneura",0.943174992491123,0.218050197243274,-2.1841035428444,-2.8283648175067
"Carex krausei",2.20557283376163,3.80223703528123,0.0270973864490208,-1.30959947829493
"Carex lachenalii",-1.49603581159734,3.62721028566386,1.018354042528,-0.968079437700939
"Carex limosa",0.302805639028351,0.684768475119831,0.566108737723673,0.390239275644702
"Carex lyngbyei",-3.02054686079435,1.11117033691693,0.301427959813537,-1.21226922321472
"Carex magellanica",0.126188033757327,1.44371358472464,0.450671271907486,0.339785472419563
"Carex marina",4.15512492811006,5.4696946300315,-0.208342731236074,-1.27915840260149
"Carex maritima",-1.20315411763082,2.03613414784429,1.34376303860827,-1.04957921306701
"Carex membranacea",3.89586986994731,5.14964318122032,-0.333178011868182,-1.34310559332439
"Carex microchaeta",1.30654284976445,4.29761231038575,-0.13256119407966,-1.14775463090446
"Carex microglochin",-0.122999293141602,2.49347195642903,0.817518183405171,-0.888142347872262
"Carex myosuroides",-1.47216453517124,3.29971755147506,0.456171250059316,-0.4718995245102
"Carex nardina",1.58221427714294,3.496306180511,0.0231111909632157,-0.976257513895838
"Carex nelsonii",0.900726738293535,2.95394211581722,-0.626371810178403,-0.974413667751972
"Carex nigra",-0.38744780776144,-0.490321712001617,1.13420828725193,0.0298976369634215
"Carex nigricans",-2.30637108080983,2.35568678348962,-1.76790414013255,-1.94629035362138
"Carex norvegica",-0.755282496212272,2.66003048693295,1.00796581806712,-0.848041766626396
"Carex obtusata",3.26948257313803,1.27388715871954,-0.859345241186849,-0.217707470595609
"Carex panicea",-0.855936024131432,-0.632839691681628,1.02430147554551,0.190297544593859
"Carex parallela",0.862387434911852,3.55416719915151,0.558440491934993,-0.751135100282553
"Carex parryana",3.41377641292292,-0.348527629765712,-1.40680231299106,-0.657422968885555
"Carex parviflora",-2.71731009567001,3.08739614305371,0.285240914220536,0.12397910211297
"Carex phaeocephala",0.6295979271054,1.68105231393059,-1.23747762826141,-1.90761159443374
"Carex pilulifera",-0.682443066377614,-1.30346766800367,1.08599404281468,0.0316664238045284
"Carex pyrenaica",-2.31017475237815,2.43217120626658,-0.0822990965904344,-0.407475417142405
"Carex rariflora",-0.629138403327038,2.74587981640339,1.24835171387562,-1.03069496301969
"Carex rostrata",-0.103997736739971,-0.12373332536675,0.964791065935677,0.134584534374221
"Carex rotundata",1.53200537757554,2.71378989496236,0.887735820386972,-0.384652506171194
"Carex rupestris",-0.994746269621461,3.0709446169832,0.751758340235136,-0.902692901063026
"Carex saxatilis",-1.56918845409109,3.26327940310239,0.491543292843514,-0.858849940812223
"Carex scirpoidea",1.85379467716071,3.02945423741471,-0.602460304973497,-0.737665252771332
"Carex scopulorum",0.274794947015797,0.922105912429299,-2.11138116549235,-2.51311837758945
"Carex sempervirens",-2.66781369307511,2.46375801035772,0.158791980899279,0.733038229550379
"Carex simpliciuscula",0.0779600631145178,3.08374850658792,0.41331297680919,-0.465727897193802
"Carex stenantha",-5.14913594105586,4.47291959384491,-2.31770743957035,3.22486017681068
"Carex subspathacea",-0.916519272639382,2.32882042364243,1.33130745241052,-1.0734501321535
"Carex supina",3.19339621193059,-0.118979338733882,-0.711224243197005,0.49463212425936
"Carex umbrosa",-0.949074661792723,-1.75534226840484,0.0522445935165467,0.646653447020251
"Carex vaginata",0.0378361561705024,1.36002644981318,0.685617434091809,0.023898435795064
"Carex vesicaria",0.636410277324875,-1.0585962428209,0.723279872850748,0.369396380258972
"Carex williamsii",3.55550190946479,5.12900362531721,-1.38262877213213,-0.453737212918749
"Cassiope tetragona",1.77864262015087,4.30434916005313,0.712115369159584,-1.32224794717502
"Castilleja occidentalis",1.02291615529739,2.62154525148032,-0.69868490131515,-1.08877403582563
"Catoscopium nigritum",1.00667489172105,2.12700826808105,0.516479368941786,-0.322312092040891
"Celmisia pugioniformis",-2.50354947775179,-0.76867056946132,0.0022750820998681,-1.68044456372298
"Cephaloziella varians",0.386631685078174,1.06941749049036,0.282896978525249,-0.843862074153628
"Cerastium alpinum",-1.31950384674356,2.77560736363095,0.963149398118631,-0.726997126848191
"Cerastium arcticum",0.350343524310974,4.55737688562273,1.51539366072083,-2.08427749585669
"Cerastium arvense",0.442834990361104,-1.5455841423436,0.335402502707396,0.0891947901459678
"Cerastium beeringianum",1.96732472765495,3.86079025330029,-0.343536281797877,-1.25513290081664
"Cerastium fontanum",-0.46851400390458,-1.6704482454136,1.41235137674092,-0.0336130733635262
"Cerastium glomeratum",-0.689537840905925,-3.07129848776718,0.442749602400664,0.414716096122836
"Cerastium regelii",3.54959698906988,5.78846938454048,0.525050414785643,-1.52028383526406
"Ceratodon purpureus",-0.206917595210721,-1.69459654198506,0.863899982863488,0.0309213263553983
"Cetraria aculeata",-0.861129070123236,-1.04645978656759,1.05716786324839,-0.458630741777921
"Cetraria ericetorum",0.0226232716562953,1.40573566141105,0.45579153913875,-0.0678224843177559
"Cetraria islandica",-0.0293707046541197,0.794858738075602,0.64351639086997,0.222260540927806
"Cetraria laevigata",2.16940071354716,3.81503342613737,-0.822738925245507,-0.0457375229275923
"Cetraria muricata",-1.62001471039699,0.190357692141732,1.01771096062585,-0.451745755657776
"Cetraria nigricans",2.1097481704189,4.45107290089024,0.0571225182414446,-0.585676033464339
"Cetrariella delisei",0.273331210638534,3.25437855346251,0.934035212061355,-0.877999005803363
"Cetrariella fastigiata",2.03768212366382,4.10635342107744,0.79468599642535,-1.07747299821141
"Chaerophyllum eriopodum",-1.42258751662187,-2.35888463425568,0.284867269073558,-1.13213377599304
"Chamaenerion angustifolium",0.0712518959004302,-0.738396879243464,0.222273516148712,-0.00533719460909545
"Chamorchis alpina",-2.13846348410526,3.31160469861027,0.66266755485855,0.0822590497906042
"Cherleria arctica",2.28578563369276,4.95579764003465,-1.00003223140424,-0.367481941696391
"Cherleria biflora",-0.340645198991451,3.50931040354537,0.882803839733932,-1.07817692371287
"Cherleria circassica",-2.51481794614763,3.3185905376904,-0.122025073694056,1.24202186532892
"Cherleria obtusiloba",1.61462734872263,2.43587378162145,-0.905869825321672,-1.21923986151526
"Chiloscyphus pallescens",-1.27625145074892,-1.08119554858193,0.778740297735652,0.0162728194446902
"Chionophila jamesii",1.19088494438843,2.85427257584807,-0.793624138939949,-0.958988320813812
"Chrysosplenium tetrandrum",2.47662252791575,3.24085160395011,0.232131031307695,-0.615370604165982
"Cinclidium latifolium",4.5945917428007,5.55255300176776,0.204838963691546,-1.82411486949369
"Cinclidium subrotundum",1.6290370779713,2.70806411739796,0.623332856782654,-0.237873519787775
"Cinna latifolia",0.790281832075295,0.570019092759293,-0.843384557221998,0.670175612214119
"Cirsium helenioides",0.464581495510196,0.739692629375938,0.444857502945676,0.394927182063071
"Cirsium spinosissimum",-2.61903652071295,3.66034761191947,0.212258170082298,0.724310797588985
"Cladonia amaurocraea",1.83814641951192,2.34481557322334,-0.192893864372577,0.143491574311913
"Cladonia arbuscula",-0.0240640769424268,0.154001294715495,0.694182932708074,0.238711410461335
"Cladonia bellidiflora",-2.80294314555036,1.44426315753381,0.0631126503073086,-0.384974548440906
"Cladonia borealis",0.193375514671054,1.49847228193477,0.367627810871749,-0.534278292742663
"Cladonia carneola",-0.896492036296752,0.897286288728144,0.260109625612896,-0.307981362359908
"Cladonia cenotea",0.77797561281177,0.51373103320142,0.200472425753569,0.410320024568302
"Cladonia chlorophaea",-0.883515817213534,-1.28736687482443,0.787372947281103,-0.159793306022295
"Cladonia coccifera",-0.823087635103387,-0.369110161188299,0.901240903855841,-0.0542261691298943
"Cladonia cornuta",0.635756438979667,0.456228684549743,0.432263351222283,0.130232590678195
"Cladonia crispata",-0.486232314033555,0.250470224034939,0.438770153182796,0.157883565277504
"Cladonia cyanipes",0.931046520198757,1.56497701617469,0.431710135181663,-0.121198891922515
"Cladonia cyathomorpha",-2.12834647569464,-2.55011313046809,-0.818448216927981,-1.16173995092634
"Cladonia deformis",0.999685061716323,0.731486769144893,0.163298500420715,0.437007822811762
"Cladonia diversa",-2.909802984521,-1.29184686763086,1.23061729041805,-0.670788870324672
"Cladonia ecmocyna",-1.13611993352024,2.37459777540185,-0.148107778270482,-0.986672311308201
"Cladonia fimbriata",-0.097034690904769,-1.496238626617,0.543055801819674,0.128908050782481
"Cladonia floerkeana",-1.32473017016856,-1.5160201861602,1.14208964470904,-0.074940831205914
"Cladonia furcata",-0.416218500287738,-1.61983904182261,0.682891954371478,0.308652522911778
"Cladonia gracilis",-0.403246227211193,0.134577710726164,0.723981071599773,-0.0405537187177928
"Cladonia grayi",-0.329812122175227,-1.92110882473458,0.452431778813486,0.930359015382034
"Cladonia macrophylla",0.250439326653195,1.36051825473076,0.523443050055774,-0.0477194586420806
"Cladonia merochlorophaea",-0.777662677104592,-0.457996845635487,0.404894760011258,-0.0742395461442242
"Cladonia mitis",0.429899859174936,0.725007363769398,0.13152463452319,0.367157887980662
"Cladonia pleurota",-0.147362048009107,0.189806518564433,0.214984070395964,0.467921600040384
"Cladonia pocillum",-0.636002067100448,-0.731541414965766,0.676389862583012,-0.54684541000487
"Cladonia pyxidata",-0.831748274518724,-1.05700289338898,0.256073306517496,-0.119628362993648
"Cladonia ramulosa",-0.961574502670535,-2.40536410623462,1.04317169198996,-0.163250234415275
"Cladonia rangiferina",0.301105466800012,0.0824931317818659,0.352108147915015,0.505736319997357
"Cladonia squamosa",-1.56309576247466,-0.467095621390687,0.390295810301951,0.235284701462524
"Cladonia stellaris",0.917056870862925,0.756725859405616,0.548799831225314,0.327950962657694
"Cladonia straminea",-1.90826798716673,1.54124248404944,0.239438453685523,0.0124683412308799
"Cladonia stygia",0.416370849434368,1.16099876796126,0.32685591593003,0.24283948548284
"Cladonia subfurcata",0.0723802435448611,2.40472869409971,0.321334432780836,-0.201950046068941
"Cladonia subulata",-0.565300106158879,-1.30591112480103,1.02139939647733,-0.119067990673865
"Cladonia sulphurina",0.0152775576524615,1.21742888627353,0.380135410396551,-0.0476529183714796
"Cladonia symphycarpa",0.0863638669198192,0.014831080650466,0.257530125112861,0.108010241018797
"Cladonia uncialis",-1.41997788708744,0.108155330551678,0.700526404338235,0.0299326607002829
"Claytonia sarmentosa",1.36900691110209,4.31032581569277,-0.0539089068219884,-1.26333220495136
"Claytonia sibirica",-3.29966360330614,-1.98644390162194,-1.07877942421803,-1.68132063965281
"Climacium dendroides",0.447944929515466,-0.531731301125926,0.566519568330242,0.392905237583548
"Cochlearia groenlandica",0.633026481366231,4.25882130320055,1.0626798229143,-1.79513589422632
"Cochlearia officinalis",-1.9049754407876,-1.16014194359951,1.87450625819302,-0.451269062573417
"Colobanthus affinis",-6.84815405323414,1.45311273822304,0.328461758242361,0.413389940861085
"Colobanthus quitensis",-3.37154246780144,-0.0170711090137691,2.24816382770907,-1.8273990579354
"Comarum palustre",0.355638598035225,-0.191746330942948,0.506861770030261,0.254906960960007
"Comastoma tenellum",-0.485142715964473,3.09459294689371,0.632897192297226,-0.707878707331603
"Conostomum tetragonum",-2.69010106434329,3.6724808913175,0.414215025015616,-0.608862206071921
"Coptidium pallasii",3.5879552099465,5.09840571179166,0.693201652175431,-1.61135795715091
"Craspedia aurantia",-2.25649044059186,-1.13497639989739,-0.0371970215792837,-1.59728818162607
"Craspedia gracilis",-2.36006799832644,-1.25112856355727,0.210065604568321,-1.76891968859225
"Crepis paludosa",-0.4813439533148,0.411507326834352,0.568706765193331,0.559949507194653
"Cynodontium strumiferum",0.974627738369903,0.732512076673346,0.551664449688753,0.291034799863102
"Cyrtomnium hymenophyllum",1.13709780218537,3.72840151652503,0.62588399097778,-1.06564594255408
"Dactylina arctica",3.26945727182571,4.81133052825384,-0.301315394285309,-1.18382589138589
"Dactylina ramulosa",2.6140544264334,4.82537137897019,-0.151515479767702,-1.24131985828927
"Dactylorhiza viridis",-1.02010611132142,1.80155994233387,0.387977484191574,0.173296642233042
"Dasiphora fruticosa",1.46206871194067,-0.304554148863199,-0.655601580059686,-0.0666812363667289
"Deschampsia antarctica",0.347298437293846,-1.44131884028398,2.51626501087612,-2.55563769022025
"Deschampsia cespitosa",-0.415632702643179,-0.41868437130637,0.928017406491241,0.0177363025047259
"Dianthus repens",3.30173267514682,4.38710391293725,-1.0595927474153,0.0542932912172188
"Diapensia lapponica",-1.04196430683324,3.28608410723931,0.892993575639035,-0.353175431262227
"Diapensia obovata",0.899214809888047,4.6608310853344,-1.19449918871959,0.195705651601775
"Dichodon cerastoides",-2.24975184949685,3.39548113066532,0.718265358260959,-0.589604043398394
"Dicranella crispa",0.237137920341758,1.24917385467222,0.66962737802129,-0.294599021958926
"Dicranella subulata",-1.21675340766835,1.35903471022085,0.628533827919039,-0.130139747360354
"Dicranum acutifolium",1.52470257572768,3.6594555252596,0.0116628143265973,-0.343554689912741
"Dicranum brevifolium",0.543814328965756,1.89219824136162,0.535683467661457,0.0163944507016875
"Dicranum elongatum",1.58067698360331,3.69240633157021,0.0481079975486406,-0.37341381445446
"Dicranum fuscescens",-1.26737417725826,1.06233721652528,-1.27458831916629,-0.375538671132047
"Dicranum groenlandicum",1.45771393729726,3.67764368566478,-0.242183787111158,-0.571416379700247
"Dicranum majus",-0.611506555457126,1.26989243186063,0.310305353235728,0.156802631534812
"Dicranum muehlenbeckii",1.0472278064185,1.72752038077308,-0.340103734836304,-0.141683199541371
"Dicranum scoparium",-0.558234877120626,-1.63107547260317,0.917231551295474,0.106876258767697
"Dicranum spadiceum",0.638352331989826,3.33668378194979,0.424995819425942,-0.250272271609349
"Dilutineuron fasciculare",-3.83966744057608,0.135875528182586,0.869107177333245,-0.165258445325417
"Dimelaena oreina",1.34877675584561,-1.53067619284797,-1.31935190882629,0.415258636756131
"Diphasiastrum alpinum",-2.8791878517205,3.07631486256103,0.542301297635479,-0.308269549028654
"Diphasiastrum complanatum",1.46650853803431,1.06859997298899,0.082025029443414,0.420295364130997
"Distichium capillaceum",-1.05761998821849,1.41084638108645,0.329705805475241,-0.267628472183904
"Distichium inclinatum",-0.533886638176782,1.65349776626878,0.75625532281518,-0.564699539916992
"Draba aizoides",-2.0712220065433,1.21323865334055,0.162231973022814,0.0404764561445041
"Draba alpina",1.27853107225652,4.4820386723256,1.27526707956638,-1.66770658148708
"Draba arctica",3.39092505488758,4.94267725357228,1.66380230594237,-2.83711650237668
"Draba aurea",1.96407880792731,1.7363960724696,-0.813950102172354,-0.953593533194762
"Draba breweri",0.15363038272549,1.13270189114829,-2.91042273828234,-4.76419010485025
"Draba corymbosa",4.58001068676969,6.31569726361354,0.656897569718244,-2.41238825608754
"Draba crassifolia",0.886490334568186,2.93024446175533,-0.290460816671252,-1.31990324857134
"Draba fladnizensis",0.478546909419188,3.97556104822343,0.411477645176966,-0.777968727698483
"Draba glabella",1.65065563670321,3.50901058688592,0.758586829248314,-0.969969051834979
"Draba incana",-1.76738077145226,1.31484069444148,1.45561262302768,-0.904246280118412
"Draba lactea",1.9336682049763,5.10769997591848,1.02964206288952,-1.72247898677304
"Draba lanceolata",3.2393690168574,1.80313403644697,-1.2955813793432,-0.955012196187959
"Draba micropetala",3.77421168131213,6.033520405597,1.98224717088585,-3.7149314148374
"Draba nivalis",0.766148511193585,3.9436744043389,1.03483773367838,-1.42628224005777
"Draba norvegica",-1.94972526036623,2.99536351540394,1.34277820276478,-1.20288868387073
"Draba oblongata",5.0944748269469,6.96485271954882,0.607711516817259,-2.3990947372444
"Draba ochroleuca",3.98537343646841,5.82020085632272,-1.92290921174368,-0.853666668846316
"Draba pauciflora",4.30225363338224,6.60446318773743,1.0526733598101,-2.34135643348726
"Draba streptocarpa",2.43833825764892,1.00526507113464,-1.2430736586624,-0.891098086664866
"Draba subcapitata",4.40213161028205,6.6745352763161,1.270053627035,-2.78744252871034
"Drepanocladus aduncus",-0.107210913922446,-1.89858293204897,1.31202409095471,-0.161704100837404
"Drepanocladus brevifolius",4.66791020320635,5.43484932357251,-0.145220666607261,-1.67058321017933
"Drepanocladus trifarius",-0.55131794024666,1.40447771571499,0.606432872995455,0.162971479203096
"Dryas integrifolia",3.3746664040528,4.73041146803392,-0.1714084708487,-1.16474997839011
"Dryas octopetala",-1.72285277755464,2.87824111460855,0.462073893096719,0.136973805325927
"Dupontia fisheri",3.98266104080939,5.62925831754484,1.11784646375272,-2.32224625074213
"Eleocharis uniglumis",-0.0925703354057181,-1.64954060411867,1.35287690218344,-0.0957656424781299
"Elsholtzia densa",2.95890738652419,-0.396292702583161,-2.62903928326428,-0.298357690826314
"Elymus nutans",2.69034379180049,0.798067192551423,-2.36081277474918,-1.28192815925678
"Elymus violaceus",2.20689510221192,-0.256155368914714,-1.54928366214676,-0.555318437889147
"Empetrum hermaphroditum",-0.622950594009864,2.53747343319929,0.817403808576911,-0.173144261073147
"Empetrum nigrum",-0.854817978143024,0.880912222631542,0.93264356885116,-0.178490304104544
"Empodisma minus",-2.14107928167631,-3.64384963475308,0.465202365506369,0.139841638197439
"Encalypta rhaptocarpa",0.600736625452596,1.76671121039241,0.123338352534789,-0.853774827233428
"Epacris glacialis",-2.73801779535902,-0.213748727894451,-0.034371954786964,-1.50531147617483
"Epacris gunnii",-2.14893031777044,-2.20038189688847,0.711015904268637,-1.47989735296779
"Epacris paludosa",-1.55410734274845,-2.67257636825796,0.472204820000826,-0.6190067508518
"Epilobium alsinifolium",-2.09416354976347,2.21213801434856,0.50598327606586,0.0790299855947526
"Epilobium anagallidifolium",-2.83341639885414,3.07777279117604,0.507082660568626,-0.509053981001747
"Epilobium hornemannii",-0.356023629120403,2.26598045352357,0.632469515170063,-0.340099367756551
"Epilobium palustre",0.166176941181441,-0.660065842462392,1.09613955780461,0.0113983857632765
"Equisetum fluviatile",0.512587015355053,-0.852152749167008,0.781970814592863,0.272706104012084
"Equisetum hyemale",0.792838952318434,-1.26285377388577,-0.474199331615655,0.980823055497995
"Equisetum palustre",-0.163354700876456,-0.910483451979148,1.02892667462843,0.217902190038858
"Equisetum pratense",1.65844508595782,0.210263292261487,0.0701121846669735,0.615244884759962
"Equisetum scirpoides",1.60556707946545,1.39320260646831,-0.162666993239098,0.39623530469747
"Equisetum sylvaticum",0.67115634440236,0.11585210616665,0.268239044163805,0.701926884540407
"Equisetum variegatum",-0.13435166716572,1.1373279729847,0.415486094784605,0.254649924801808
"Eremogone fendleri",2.67053149500863,-0.627020421173373,-1.63056499180682,-0.847926154697972
"Eremogone lychnidea",-3.29402535209942,3.76919306645999,-0.295046670616232,1.51013681216277
"Erigeron borealis",-2.02759898831583,2.5139936761457,1.21056393725595,-0.996992074704724
"Erigeron caucasicus",-0.553472983344411,2.7365304214326,-0.59248034448893,-0.167069304215114
"Erigeron eriocephalus",1.78434286319653,4.66872341257577,0.717323915771749,-1.34438720837569
"Erigeron grandiflorus",1.47052669646311,2.07846043304758,-0.972067070072495,-1.30260288284289
"Erigeron humilis",0.558301817561082,4.22768497058901,0.781895668092688,-1.42339422791352
"Erigeron melanocephalus",1.13577567125482,2.27296280114628,-0.969627454154183,-1.11000528300531
"Erigeron peregrinus",-4.99800337039029,2.77371510569004,-1.83980837219145,-0.911385776441447
"Erigeron pinnatisectus",1.27996674776967,2.32346703960235,-0.935878770868839,-1.11135356088229
"Erigeron uniflorus",-1.95399153835505,3.44210891474985,0.77050473718332,-0.50515562419714
"Eriophorum angustifolium",-1.0436040641173,0.216801289357961,0.936999901818745,0.00359241970486534
"Eriophorum russeolum",2.12093761695252,2.45825685629926,0.344231537723345,0.0570167427480539
"Eriophorum scheuchzeri",-1.18337333463908,3.34156357285817,0.652792699300854,-0.221424309428812
"Eriophorum triste",4.436992887917,5.89461578415291,0.331032744938736,-2.02071403746291
"Eriophorum vaginatum",-0.195989081360131,0.565331152496135,0.621654068991981,0.418870492777783
"Eritrichium aretioides",2.76760730675717,4.11518959538144,-0.691293317907697,-1.11919710030478
"Eritrichium nanum",-1.76835084027636,2.978694247067,-0.0465132100464665,-0.482153709909838
"Erysimum capitatum",1.25192159540808,-3.063526192509,-2.83409491298753,-2.13043131715882
"Euphrasia arctica",-3.78459727831936,-0.484625228708713,1.56212771923084,-0.603738351771451
"Euphrasia frigida",-2.0408355885617,2.34319430708606,1.23462091389498,-1.01738892048505
"Euphrasia minima",-2.61126938713169,3.05700085374183,0.278219467947618,0.0754568213722716
"Euphrasia officinalis",-1.62166630305535,0.572942985197514,0.145809730634787,1.23010466516133
"Euphrasia pectinata",1.19584091472943,-0.756950104544039,-1.09335529145208,-0.118229354633518
"Euphrasia wettsteinii",-0.922211528352607,2.41821939112132,0.783979566428313,-0.405274959082052
"Eurhynchiastrum pulchellum",0.813698094646953,-0.347057740551194,-0.475403975232309,0.25281728289783
"Eutrema edwardsii",4.15767785685132,5.5530059196003,-0.236385566011754,-1.55527964381808
"Evernia perfragilis",4.26327700399267,5.37448512829566,-0.129899817982106,-1.69115570069134
"Exocarpos nanus",-2.52036895135573,-0.914135398845834,0.578714584477651,-1.91511049295016
"Festuca altaica",2.51518325519062,3.34393865410504,-1.07221033934733,-0.588133043560867
"Festuca baffinensis",3.64221341223499,5.17187874883892,0.21519306624337,-1.92207207879372
"Festuca brachyphylla",2.35169485147462,4.0336691311373,-0.489941161855324,-1.42675630841916
"Festuca hyperborea",4.43509116131057,6.70136970361119,1.08416553146458,-2.86558384777689
"Festuca ovina",0.377660184546946,-0.530415982542663,1.16407951138058,-0.0560280366339709
"Festuca pulchella",-3.19070289077388,3.1145831201521,-0.0294414256775148,1.7582194896098
"Festuca quadriflora",-2.71141043696026,3.08947476717198,0.246774768640452,0.427715208658941
"Festuca richardsonii",1.41368182844236,3.20901064915739,0.898701298408722,-1.00558980532621
"Festuca rubra",-0.25717523840715,-1.48993467998478,1.47985195396601,-0.177495776286907
"Festuca varia",-1.56378453244801,1.97827710182098,-0.278373016155698,0.596062448138726
"Festuca vivipara",-5.29237575319833,1.29009715109601,0.716198140448449,-0.476199923056531
"Filipendula ulmaria",0.042854624792488,-1.38173245401199,0.888473943758417,0.418254646879657
"Fissidens osmundioides",0.348368365450203,0.946103432452116,-0.481756238416192,0.943086834340658
"Flexitrichum flexicaule",-0.0507858707608188,0.122295840100231,0.708093441892594,-0.0520114975206671
"Fritillaria collina",-2.30616032727005,2.85154198544447,-0.43545868248004,1.29294359972463
"Frullania jackii",-3.37597656019255,1.3444067353473,-0.525003995523193,1.16286567774871
"Funaria arctica",4.20388161392356,5.28093459949891,0.0234957829623809,-1.66176971798205
"Fuscocephaloziopsis albescens",-2.54911794827428,3.57734704076318,0.476143585059526,-0.542720157539997
"Fuscopannaria praetermissa",0.0171251882175376,1.55361779086189,0.214424959765258,-0.291275259250666
"Gagea bohemica",-0.151610020863442,-3.0289284295065,-0.670279317101029,-0.762326256233978
"Gagea serotina",-0.233490096538211,3.69456519210776,-0.58730850093947,-0.257758011342338
"Galium boreale",1.63571172783356,-0.0329451386358307,-0.271414165614379,0.29642986426379
"Galium normanii",-2.2982658203308,1.92039524489471,2.20724518731442,-1.79051226694055
"Galium verum",0.695858898669365,-1.55643379968976,0.635568405051061,0.328339444552732
"Gentiana algida",1.41625851447799,3.57878623477062,-1.47395155818435,-0.475366928937225
"Gentiana aquatica",2.81478185162884,2.33748240054612,-1.8723582195071,-0.901546800897694
"Gentiana aristata",2.79582825566696,0.931283950424334,-2.22933936935795,-1.00559841947283
"Gentiana bavarica",-3.00225801677753,3.91858576566067,0.170455644494632,0.958549922633839
"Gentiana brachyphylla",-2.46616677042664,3.50227223326255,0.295506749817236,0.129856590662322
"Gentiana nipponica",-6.76294714867685,4.42915155615173,-2.48752931228485,4.42993809327216
"Gentiana nivalis",-1.65309129428958,3.00930654578027,0.633096812290097,-0.0649997406719979
"Gentiana punctata",-2.35217403008269,3.32742329526543,0.144347076896446,0.699186748135822
"Gentiana pyrenaica",-0.69774397766609,0.404198178394397,0.788024911177236,-0.839812266812357
"Gentiana septemfida",-1.63902589137743,2.32253837651066,-0.598498521558521,1.06651942746524
"Gentiana straminea",3.13164557768945,1.2104205903476,-2.22306511147889,-1.2490312471249
"Gentiana verna",-2.27647010086614,1.68666247866429,-0.0338026722370701,0.986960723996435
"Gentianella amarella",0.994559583212058,0.617908492682738,0.298421575824495,-0.313942424900976
"Gentianella aurea",-1.73790816789844,1.92031220884075,1.65215937939184,-1.18212550600759
"Gentianella biebersteinii",-3.70790784747359,2.49788263809908,-0.704100259122154,1.0131575240407
"Gentianella campestris",-1.75932840185152,1.87597077678269,0.60908504187194,0.294654804653997
"Gentianella muelleriana",-2.71125191986615,-0.311094031845094,-0.0360175786160665,-1.60265181428789
"Gentianella propinqua",2.40051862399802,3.56626678492855,-0.414167532697386,-0.833748677710182
"Gentianopsis detonsa",-0.51993475154309,1.26783318483402,0.350214360034286,-0.929277926137053
"Geranium dahuricum",3.20708854760143,0.58880867417278,-3.77077635893779,1.21598771315376
"Geranium gymnocaulon",-5.57961891301717,4.13109728959239,-0.291335259033358,1.69421027310172
"Geranium sylvaticum",-0.450865807642194,0.836531152679928,0.379262611804662,0.468206162042457
"Geum glaciale",3.51664886218623,5.92800827767952,-0.511587739630527,-0.875670644338888
"Geum pentapetalum",-4.46119256372519,3.59021212788551,-1.65677606657222,2.80294907391893
"Geum rivale",-0.0754402370118336,-0.234960539790704,0.554985035033063,0.623462249710432
"Geum rossii",1.33812447954142,2.7279684294457,-0.732143226295368,-1.17454731189236
"Goodenia hederacea",-0.00112869928779477,-5.2735705056138,-0.284778698565075,0.717553429104461
"Gowardia nigricans",-0.891970497125933,2.90527376268207,1.09233955242754,-0.836612393005847
"Grevillea australis",-2.49124432626153,-1.20918342866282,0.368819913230769,-1.81429968167805
"Gymnadenia conopsea",-1.05461507520677,0.385970659960681,0.237605570665297,0.649527920632398
"Gymnocarpium dryopteris",0.1714084857746,0.602317907723994,0.28201252668072,0.570484025194488
"Gymnocolea inflata",-1.91747276199967,-0.227133213927734,1.04680708815894,-0.127570546984021
"Gymnomitrion brevissimum",-4.41297364559365,3.43258889609314,0.132618940930475,-0.431335044815456
"Gymnomitrion concinnatum",-2.72154350378503,2.72011342428843,0.579285311883694,-0.386821501048282
"Gymnomitrion corallioides",-1.36432876458201,3.37313272731121,0.732174815954697,-0.431273995058482
"Hansenia forbesii",1.98390325615227,-1.38848406507752,-2.59021035774863,0.51439146822518
"Harrimanella hypnoides",-1.70870284204513,3.62380573861378,0.966290481033538,-0.865455089085885
"Harrimanella stelleriana",-5.94452892026766,4.10643555577433,-1.73324981250342,-0.277140555667152
"Hedwigia ciliata",0.221253110626293,-0.97875815140009,-0.04136446143268,0.818314485728682
"Hedysarum alpinum",3.05323018324777,1.92458885273981,-1.21314834503242,-0.139852029371856
"Hedysarum boreale",3.29758045006917,-0.00533558720813529,-1.37958177666056,-0.626167978605855
"Hedysarum caucasicum",-3.98069298221831,3.90723047468422,-0.275438133711609,1.51858056331419
"Hedysarum hedysaroides",-2.21204705398762,3.35362317948957,0.0593553625433154,0.916590335588293
"Helictochloa versicolor",-2.49210271703516,3.00062277301994,0.328537163581538,0.169879711606731
"Helictotrichon tibeticum",3.17136735497426,1.20128533599216,-2.36968741539245,-1.20021248658982
"Heracleum moellendorffii",-1.24631298299086,-1.16866794655363,-3.79309047371786,3.00615755973702
"Hieracium alpinum",-2.63054638915939,3.40757493289458,0.464519906666374,0.250665367664907
"Hieracium froelichianum",-2.72739196611785,2.51743225634214,-0.161471498877591,0.884016147961282
"Hieracium lachenalii",-0.487429578416202,-1.23603210409512,0.680697178687,0.561582464270618
"Hieracium umbellatum",1.53487583536511,-0.481347878940775,0.37710250457971,0.540077857723762
"Hippuris vulgaris",0.652748793952772,-0.73420994619253,0.500739818396717,0.0510031638878533
"Homogyne alpina",-2.19622415266185,2.44693229766932,0.131394122414439,1.07345430210791
"Hovea montana",-2.43077054486391,-1.04663415760844,0.112529688516805,-1.810232412358
"Huperzia selago",-1.83129139210359,2.2579804782793,0.398045931426739,0.244659948711046
"Hygrohypnella polaris",2.5320386825638,4.69740022634234,-0.458849060393132,-0.79844044337266
"Hylocomiastrum pyrenaicum",-1.02679058285423,2.34644543361724,0.222341369878603,0.543671056898451
"Hylocomium splendens",-0.991152616880911,-0.284907608867419,-0.294681430240445,-0.00739709300675968
"Hymenoloma crispulum",-1.14318403092652,1.76864208792274,0.191743458912029,-0.555668264815855
"Hymenoxys grandiflora",1.31112453921734,2.46355978862677,-0.847331096864102,-1.21745222381952
"Hypnum cupressiforme",-0.210300872906966,-2.13572673708247,0.974342304336455,0.0813047685251975
"Hypochaeris radicata",-0.821765857946392,-2.59706067702929,0.773179689979906,0.00470205420712703
"Hypogymnia austerodes",1.12605281965526,2.23540305838342,0.0279312025337974,-0.257495693431803
"Hypogymnia physodes",0.580251884172455,-0.705077698516025,0.46902159493282,0.376983581551991
"Hypogymnia rugosa",-2.16089712771079,0.0960372594697558,-2.2707401415998,-1.6341079755083
"Hypogymnia subobscura",3.78063317023486,5.22782889856756,0.0333170932748141,-1.66022745323757
"Icmadophila ericetorum",-1.48249644035136,1.17120643101795,-0.279587650547157,-0.188793558622906
"Iris potaninii",4.96662254025679,2.29125351751334,-2.64832073794021,-0.855054180997431
"Isopterygiella pulchella",-1.69820867683971,1.4689790920519,0.374864769282473,-0.0866800162851746
"Japewia tornoensis",-0.619075880501533,1.72997336636352,-0.289785972188438,-0.288360006528869
"Juncus albescens",2.74055483420517,4.43887012748665,-0.272888444889018,-0.778194602072921
"Juncus alpinoarticulatus",0.249152359072872,0.791741349018416,0.515354060555587,0.403480169768821
"Juncus arcticus",-0.332702541236834,2.09558181385821,0.761173544614448,-1.11728236974656
"Juncus beringensis",-2.11529441747598,3.78304852038691,-0.316000437784665,0.826617215709886
"Juncus biglumis",-0.413187476208268,3.30897539793218,1.08950049136298,-1.0440471105576
"Juncus drummondii",-0.281228319906337,2.0251498330307,-1.46112265838371,-1.80871954357637
"Juncus filiformis",0.203274117805361,0.8022172798634,0.608573033640534,0.318403007269992
"Juncus triglumis",-1.96880593904012,2.75105505592806,0.625255210892771,-0.420770427917814
"Juniperus communis",0.215306504771477,-0.190486901013166,0.163934264996511,0.165937884248056
"Kalmia procumbens",-1.94133319024072,3.33619014162741,0.539842540270255,-0.178017779437078
"Koeleria asiatica",3.77051771001199,5.0104590441139,-1.00085505463508,-0.842660092031121
"Koeleria cristata",2.53613572508683,-1.85247545000891,-1.76109392746874,0.426097023583383
"Koeleria spicata",-0.39102048634945,2.92367092094251,0.357087343535329,-1.12930368853792
"Koenigia islandica",-0.918688954237106,2.89305666390888,1.40107742392286,-1.51337225064447
"Koenigia ocreata",4.19282187169426,4.63724570066685,-1.87430323977247,0.106293858028509
"Kudratovia roscida",0.256869866402859,3.74585024822447,0.286875180470764,-0.181616349151638
"Kunzea ericifolia",-0.757723570306617,-6.55291707486504,-1.9166791710655,-1.91777150773645
"Lactuca racemosa",-2.21338340535385,2.36522274906204,-0.398972726016536,1.41127519711334
"Lagotis glauca",1.88109391627585,5.10120233899457,-0.209552918920657,-0.792630604740317
"Lancea tibetica",2.6448329149143,1.13927263653524,-2.08310864828954,-1.51185650065738
"Lecanora epibryon",0.415567702835714,2.94497786712243,0.547675703975033,-0.798940426752602
"Lecidea atrobrunnea",0.509797602476133,0.320973003124187,-1.21709001743252,-1.59782074988105
"Lecidella wulfenii",-0.337548552026699,2.80005866027797,0.618376279341787,-0.42494982483917
"Leontodon autumnalis",-1.09969842247125,0.00715462865529338,0.862052669006227,0.105023620087293
"Leontodon hispidus",-0.568382734847651,-0.419890099003044,0.406157817170161,0.920066723656894
"Leontopodium nanum",3.25780466971232,1.22257707212392,-2.19219847473038,-1.50129074813921
"Lepra dactylina",0.0842598908049667,3.37729889274461,0.566896537283895,-0.721532772883632
"Lepra panyrga",1.94530410040908,4.07854833074159,0.175462523205814,-0.805725049002566
"Leptorhynchos squamatus",-0.210388345930856,-4.44889657586454,0.210972144617558,-1.26712983168402
"Leucanthemopsis alpina",-2.30776045099071,3.44398423426345,0.276239610349481,0.130114600400393
"Leucanthemum halleri",-3.43603431482011,3.24365309653235,-0.228743355021494,2.0204510232226
"Lewisia pygmaea",1.44405645032423,1.02277821432955,-1.3500209234972,-1.7877958446656
"Leymus mollis",-2.12571008723656,0.403380833500209,-0.710436659718167,-0.607028286223218
"Lichenomphalia hudsoniana",-2.1924772493625,1.36013092124014,0.897229891134624,-0.314728667558345
"Ligularia virgaurea",2.34407022226873,1.40687328530884,-2.36290981388863,-1.2755785540335
"Ligusticum filicinum",0.0206435984017732,-0.766894738299524,-2.58032136044789,-2.20986304297684
"Linnaea borealis",-0.0252877058528566,0.284068579159266,-0.692123996373355,-0.124156001107037
"Linum catharticum",-0.953336243219045,-1.11447090963757,0.951994015788321,0.330200595468055
"Lobaria linita",-3.28638959196274,2.81282010410617,-1.08208358201091,-0.820635256139299
"Loeskypnum badium",1.07436138538015,1.93200288005159,0.609191883598014,0.0798337401964477
"Lomatogonium carinthiacum",1.6171619637832,3.00757844629212,-1.39758800627697,-0.621654443207476
"Lonicera rupicola",2.20881951931712,0.816502568450659,-2.37901218606319,-0.969235851367058
"Lopadium coralloideum",0.133049085556861,2.53110669138924,0.831454730205924,-0.504357283130443
"Lopadium pezizoideum",-0.879904583942023,2.21310900669098,0.260845489726421,-0.536963714812119
"Lophozia wenzelii",-1.24439351938467,2.48075830436674,0.502823659640706,-0.177136660796602
"Lotus corniculatus",0.0061318717616041,-1.68981386040714,0.268218016996185,0.772596105505368
"Luetkea pectinata",-5.91604755879553,2.71602073156893,-3.17593470453935,-2.48877470768557
"Lupinus arcticus",2.40604638427351,2.74993549852346,-1.11629814668077,-1.12121045759234
"Luzula arctica",3.92591162337605,5.36233583218738,-0.00240154385177229,-1.86494712239444
"Luzula arcuata",-1.52115769713061,3.51416493134452,1.16202164929947,-1.13763773668779
"Luzula confusa",1.3921056168903,4.51995007580832,0.629379274689326,-1.17583513714144
"Luzula multiflora",-0.337752459782911,-0.519079078711737,0.883200905428675,0.191355632597231
"Luzula nivalis",3.04368386879363,5.56349387816185,0.471532474325967,-1.64490244092862
"Luzula oligantha",-4.22835980545095,3.4918058751544,-2.57185961655338,2.93001397728916
"Luzula parviflora",0.209310263763909,2.12158870127333,-0.756867158339714,-0.946349895325759
"Luzula pilosa",0.576510279988558,-0.391150694828066,0.598420601610912,0.485840929967677
"Luzula spicata",-2.16334144777145,2.8730685152292,0.575121084327899,-0.691058141296531
"Luzula wahlenbergii",-0.044148192623183,3.92505821789988,0.815594818171701,-0.93362164972195
"Lycopodium clavatum",-0.599585964224452,0.118287807230322,-0.353592021660268,0.583098237808025
"Lysimachia europaea",0.0265697051430039,0.404567266876955,0.574373304020802,0.194755330842728
"Maianthemum bifolium",0.470951698146935,-0.365326449342686,0.447641101490505,0.612149634247173
"Marchantia polymorpha",0.14530879190313,-1.56031796849554,0.124628095089693,0.313542558960386
"Marchantia quadrata",-2.24197044886708,0.521210757647663,0.338004908337325,0.129440960207897
"Medicago ruthenica",4.48363019554923,-0.169653035816692,-3.78632764098935,0.774580039405086
"Meesia triquetra",1.34065046773275,1.78413012989286,0.109942387208446,-0.242321522752212
"Meesia uliginosa",0.123992128289821,2.42859714610474,0.551803271500012,-0.462026998116843
"Megaspora verrucosa",0.368464089613189,0.658051276792579,-0.403247696769617,-0.75238613038362
"Melampyrum pratense",-0.189543163819672,-0.776891633381515,0.731870532143951,0.299167146754474
"Melampyrum sylvaticum",-0.387865847722481,0.761592621880265,0.512149242741882,0.536538361065756
"Melanelia stygia",0.0156308021898274,1.29000284721386,0.490431634653365,-0.116389256229707
"Melicytus dentatus",-0.315162917602735,-4.94091221853157,0.239192500975017,-0.313369837876052
"Menyanthes trifoliata",-0.253645094137936,-0.206193237248463,0.492612148647891,0.319976607110814
"Mertensia lanceolata",2.97879478739143,-0.905574164504708,-1.65521754899359,-0.590093847522465
"Mertensia oblongifolia",2.62331134973295,-1.81002787594563,-1.84455653217539,-1.71452472067787
"Mesoptychia heterocolpos",-0.530690324740148,1.89777052463727,0.505907416276011,-0.129227800713733
"Mesoptychia rutheana",1.12488180445007,1.43831588415271,0.713266564212342,0.135069847359144
"Micranthes foliolosa",0.941826385987174,4.48186884938777,1.03877455366303,-1.39170311007602
"Micranthes integrifolia",0.481337799594837,1.35577250849155,-0.851395079564259,-2.09590086180848
"Micranthes nivalis",-0.923235588756699,3.18118654324807,1.12074718664363,-1.02806309517247
"Micranthes rhomboidea",2.06641614447721,0.633159183772602,-1.28352606479197,-1.07319091323435
"Micranthes stellaris",-2.76496435543306,3.05221443841761,0.439443631287294,-0.0928639469427617
"Microseris lanceolata",-0.182800720656246,-4.74544815725879,-0.248463035180831,-1.4008810363227
"Minuartia rubella",1.42001653944061,3.88916811497655,0.155252613170405,-1.3390054572648
"Mnium blyttii",0.995148320377939,3.08106899523063,0.00547192436370447,-1.28122438758797
"Molinia caerulea",-1.00849956539385,-0.630336283405421,0.922493421078863,0.128215786487802
"Montia fontana",-2.71072096001605,-0.960050918747245,1.01588052317167,-0.620115358903841
"Mycoblastus alpinus",-0.79317499686188,1.65199029030288,0.22772024858117,-0.256020028897575
"Mylia anomala",-0.577616872890557,0.52804959762438,0.715955127289565,0.103192065288078
"Myosotis alpestris",-1.98599900185792,2.26073067270534,0.124693571049274,0.305484727734324
"Myosotis asiatica",1.92912819144138,4.03759474928876,-0.117978054020965,-1.01423201389358
"Myosotis decumbens",-1.48495877787087,1.04908587689301,0.313822438451192,-0.049343086043942
"Myurella julacea",-0.10047227048812,1.88655526754093,0.382955376152852,-0.0723527305882331
"Nardus stricta",-1.27484680728673,0.651272759047343,0.799801029616638,0.133087294319749
"Neoorthocaulis binsteadii",1.40088040476523,3.32179185245794,0.468496717332341,-0.487117397751431
"Neottia cordata",-0.492645145375838,1.24764025150178,0.0475057481270547,-0.11604636164336
"Nephroma arcticum",0.569324904801844,1.80874522678037,0.641856727082105,0.0157376847333566
"Nephroma expallidum",1.36317721218801,3.26837383777973,0.611588856444864,-1.05436116882922
"Nephromopsis andrejevii",2.99251458596537,4.69220332720703,0.359158740656731,-0.901413449922049
"Nephromopsis cucullata",0.749197303824988,3.0507985847028,0.288007969045533,-0.323181216705009
"Nephromopsis nivalis",0.489341404943107,2.7044143223408,0.605230795735027,-0.499877921359514
"Nephromopsis richardsonii",3.50646765056907,4.53872688543794,-0.799476840001134,-0.940724520202097
"Neuropogon sphacelatus",-0.994048391929911,2.19773633263702,2.13690751253871,-2.3671491962641
"Niphotrichum canescens",-0.934588657135961,-0.0844760735554057,0.665626456075393,0.00802506231083782
"Niphotrichum ericoides",-3.64315795663081,0.361492834343194,0.792381741784596,-0.44992382929515
"Noccaea fendleri",0.688139191720954,-1.33608379966886,-1.99538276248278,-1.47365661334593
"Ochrolechia androgyna",-2.45070326315215,-0.166768365599298,0.866522116529087,-0.243754208375169
"Ochrolechia frigida",-1.67124868742878,2.41297587641366,1.12166948624017,-0.897420361106437
"Ochrolechia inaequatula",-0.437922777556548,2.76840970366872,0.283900100584366,-0.520514167485351
"Ochrolechia upsaliensis",1.03308958599659,2.27408593610022,-0.389807465271472,-0.90927168607254
"Olearia algida",-2.48999980738123,-1.1144313766712,0.693631820888705,-1.842515491642
"Olearia frostii",-3.36909149257069,-0.23691156536313,-0.522897211981908,-1.89003710406302
"Olearia phlogopappa",-1.81700778837594,-2.77031379119563,0.560085656919649,-1.27440474017018
"Omalotheca norvegica",-1.58365765132066,2.83334541576885,0.672375879161221,-0.175444057169365
"Omalotheca supina",-2.73178447200658,3.45988454433827,0.653012127323892,-0.442731972199041
"Omphalodina chrysoleuca",2.10057027859591,-0.584336685607777,-1.16849234268364,-0.477018845921953
"Oncophorus virens",0.0683940199296861,2.28666130233713,0.163213688206846,-0.633150137163202
"Oreojuncus trifidus",-1.88343029137607,3.21868931211353,0.668328171381952,-0.223064127759489
"Oreoxis alpina",1.95557653910546,1.83273896599244,-0.989103280856415,-1.18061522658624
"Orites lancifolius",-2.70139673340669,-0.681134643620937,0.0170349115061323,-1.70484494453726
"Orthilia secunda",0.608630730406257,0.472362432213904,-0.317815625593976,0.165420621480216
"Orthothecium chryseon",0.9240549188403,3.85680412553719,0.60560712771281,-1.02045007283045
"Orthothecium rufescens",-3.29908758326777,1.29874101107244,0.25585344848753,0.590667976108134
"Oxylobium ellipticum",-1.86852500510471,-2.29560410972638,0.762931339529698,-1.34818598482879
"Oxyria digyna",-1.68957838692713,3.29089338742956,0.305074775822696,-0.881588882863024
"Oxytropis borealis",3.01839456906734,2.42874760706583,-0.779909812448553,-1.20447697426789
"Oxytropis campestris",0.184881020047443,1.54000558554822,0.306145719089976,-0.202153854859045
"Oxytropis deflexa",3.3526243953982,2.21742088790825,-1.18711255879455,-0.872669577666322
"Oxytropis maydelliana",3.72007243076397,5.17868507699629,-0.102569047287221,-1.29798246808668
"Oxytropis nigrescens",3.87875749402937,5.72280853722246,-0.310840690700208,-1.14001251228952
"Oxytropis sordida",1.75554195572649,2.94079253903358,1.23152226849892,-0.345055475581939
"Pachypleurum mutellinoides",-1.3665714363267,4.15435819115209,0.026933471915471,0.157727858684256
"Packera cana",2.40363169172594,-0.872680675432535,-1.82590963049325,-1.51218126031836
"Packera crocata",2.07396943673518,0.502023605123339,-1.08801403898265,-1.12140296081064
"Packera heterophylla",3.28510830006174,5.492228440508,-0.67722798754381,-0.767135029910416
"Packera hyperborealis",4.53244047117448,4.59013115823392,-0.813129057870044,-1.06119912765951
"Paludella squarrosa",1.09269586050515,1.85533834521326,0.646246789451697,0.0173846355011261
"Papaver lapponicum",3.65279774392504,5.50791782129959,0.401440586827921,-1.44668004572063
"Papaver macounii",3.34237099241265,4.66535951597324,-0.40237787947878,-1.2843578480661
"Papaver radicatum",1.06028516589722,4.19941125785691,1.2474674446028,-1.86756094591116
"Pappochroma nitidum",-2.77483816311648,-0.139730331763244,-0.0319159768336494,-1.67997841369981
"Parasenecio auriculata",0.671149320602511,2.42644666677242,-2.92786482925601,1.9567161496557
"Parmelia omphalodes",-2.33101788176961,0.349931607079236,0.8522374858976,-0.342965392562306
"Parmelia saxatilis",-1.09354841908745,-0.405908998853817,0.876440799505974,-0.0433292327276653
"Parmelia sulcata",0.41071200237696,-1.45509962854602,0.682013748834996,0.381132903473087
"Parnassia palustris",-0.987154260994521,1.51939768130288,0.119154243024496,0.400827968773222
"Paronychia pulvinata",1.81755258227553,2.54905812389273,-0.874155421608345,-0.889912109655066
"Parrya arctica",5.44981431605345,6.84082728466107,0.410501885608457,-2.45526072041778
"Parrya nudicaulis",3.28087815983838,4.87692336764528,-0.517005952694272,-1.02418375436481
"Patrinia sibirica",3.25145480695509,3.53807800506502,-2.37358765679548,0.0241542026218138
"Pedicularis capitata",3.02663067548127,4.93213938837667,-0.157889472903476,-1.41650254361229
"Pedicularis chamissonis",-5.05049744043072,3.48635706179908,-1.47541058541381,2.75210560903024
"Pedicularis comosa",-1.31430898755834,-0.238883500342877,-0.135344904833147,-0.902590668891961
"Pedicularis dasyantha",2.89086558720203,5.29068111392459,2.33274082823129,-3.53689381513541
"Pedicularis flammea",-0.0436686670930762,3.51381486825289,1.71060208832818,-1.59280009437722
"Pedicularis groenlandica",0.774776430569421,1.04402875698925,-1.61665115479104,-1.76403751652185
"Pedicularis hirsuta",0.663392113314538,4.35342041745517,1.58629992563172,-1.66405034375061
"Pedicularis kansuensis",2.90107450425145,1.23693443221378,-2.3697018658255,-1.2483739021963
"Pedicularis labradorica",3.21198288218676,3.49425690909422,-1.02448764986595,-0.346855269794959
"Pedicularis lanata",2.85271293258245,4.72693374931563,-0.120273293762634,-1.31947531782361
"Pedicularis langsdorffii",3.04711995402938,4.92463900069003,0.00480728122482498,-1.46373415246369
"Pedicularis lapponica",0.328313193693322,3.03251991402741,0.986580620792198,-0.67114334252426
"Pedicularis nordmanniana",-4.9348486079697,4.5753387810927,-0.168621111035533,1.50000188831287
"Pedicularis sudetica",3.07614833223515,4.36591808939637,-0.117108022249075,-0.991402273394776
"Pedicularis verticillata",-1.91427156437686,2.96167371225584,0.0353545329291213,0.638585248649852
"Peltigera aphthosa",0.780914304703427,1.22246655121093,0.251049853094226,0.033554499113462
"Peltigera canina",-0.016859749353331,-0.360464153558202,0.645353890045917,0.128888194458285
"Peltigera didactyla",-0.0592125105828446,-0.737734867556129,0.696971801970936,0.0101540767954911
"Peltigera horizontalis",-1.88540670818416,-0.617362532318087,0.331130660107558,0.130986710128322
"Peltigera leucophlebia",-0.437024970786437,1.20467989586231,0.239635835544655,-0.222664881581343
"Peltigera malacea",1.14305562973273,1.37938202231022,0.201131248175175,-0.186934410627301
"Peltigera membranacea",-3.070732703659,-0.66346319844976,0.516220326981917,-0.608877431873312
"Peltigera neckeri",0.0452723636646061,-0.450013067706446,-0.00784269126975127,0.0251380049514073
"Peltigera polydactylon",-0.66392477982083,-0.204638608591886,-0.0703352781085061,0.325568579709058
"Peltigera rufescens",0.042215989083344,-0.486899299823405,0.662608922021933,-0.0705564550119057
"Peltigera scabrosa",0.41340174084739,2.50038041438066,-0.0546254156668001,-0.13539072955917
"Peltigera venosa",-0.577882218395259,1.08407831069278,-0.241965790542679,-0.813215022916621
"Pennellianthus frutescens",-3.64383782083346,3.94588305995984,-0.78354442296286,0.889261862066012
"Pentachondra pumila",-6.81091034665024,1.23973859182815,0.862338853699811,0.554005078752038
"Pertusaria bryontha",0.0482973615920252,3.65472650692767,0.563774747873205,-0.593567593581022
"Pertusaria coriacea",1.71937211653353,3.98487650044015,0.985897546115785,-1.50708981581112
"Pertusaria glomerata",-1.47607809603134,2.75492135846272,0.641023842752272,-0.0865579478880738
"Pertusaria oculata",-1.97341327425927,2.84353476084472,1.14739583762109,-0.98167718474642
"Petasites frigidus",-0.957559573014004,0.133386387844956,-1.98004725694663,-1.38170508484256
"Peucedanum multivittatum",-6.08139160673385,3.9447146024431,-2.53286224700743,4.34625194600056
"Phebalium squamulosum",-0.753659324248123,-4.83545621215471,-0.203313249088684,0.779263053665322
"Philonotis fontana",-2.52067282302201,-0.0880542727602782,0.632594518483205,-0.350870707442256
"Phleum alpinum",-1.09829249967238,2.49357607360211,0.405045465535963,-0.147449835212172
"Phleum pratense",0.692471432607979,-1.19050735394062,0.593009856004689,0.428504133477646
"Phlox pulvinata",1.91300167255433,0.971668474193996,-1.33958276093863,-1.70817785705626
"Phlox sibirica",4.93325311149043,3.13610503658423,-2.07289568744923,0.0463896251758375
"Phyllodoce aleutica",-5.23457980013971,4.15810701059841,-1.14296215964335,1.93278499979525
"Phyllodoce caerulea",-1.02097672015444,3.19895410530834,0.842556939947785,-0.57709540140058
"Physaria arctica",4.04580090187863,4.81844750717952,-0.229262560089242,-1.24261661786211
"Physconia muscigena",1.34092846281724,1.74247850967227,0.0831039500645988,-0.638569678777031
"Pieris nana",-5.1046133646178,3.7148550589056,-2.16173604583927,3.3907072392034
"Pilosella officinarum",0.424908287051689,-1.4876339043348,0.612167122614286,0.669154767585827
"Pimelea alpina",-2.57587303212793,-0.60993655555041,0.08600941684662,-1.70709093252167
"Pimelea axiflora",-1.42667163359688,-3.78997359074758,0.353056288399625,-0.608363438631102
"Pimelea biflora",-1.71149228320433,-1.54831512991218,0.285375286695709,-1.53989538234215
"Pinguicula alpina",-1.81213723004949,2.30494822018187,0.207407175454993,0.934859301703792
"Pinguicula villosa",1.62100213863859,2.30196940552649,0.681441226069046,-0.0695887551617063
"Pinguicula vulgaris",-1.78397233488971,1.201493249681,0.610422435653417,0.131260179091781
"Pinus pumila",0.364064972738775,3.79205681877592,-1.91817983650502,1.17875122768065
"Placynthiella icmalea",-0.963867854895511,-1.61028982035362,1.15152918587715,-0.0675788928774868
"Plagiochila arctica",3.35046607181411,5.19511534986456,-0.635840802975782,-1.09831485411197
"Plagiomnium ellipticum",0.192160686834431,-0.545253361713775,1.13804354039983,-0.0635389928869451
"Plantago euryphylla",-2.55461184716585,-0.696084724345897,-0.0625985048534057,-1.76417057956484
"Platanthera hyperborea",-0.630028543663087,1.37013180003165,0.611668321409778,-0.847774021398979
"Pleurozium schreberi",0.667300282664733,-0.209579445801218,0.4820844132497,0.46088600701355
"Poa abbreviata",4.4833867151872,6.39142054129037,0.799749538168038,-2.85108093557315
"Poa alpigena",1.38780457184417,2.1634392969845,0.727653995305829,-0.102345749856449
"Poa alpina",-1.46440570694822,2.57608928902938,0.543631214425174,0.156808912570333
"Poa annua",-0.205482779000172,-2.09174962160338,0.629541917057744,0.426957579944599
"Poa arctica",1.81095275044394,4.22079303476507,0.403996705862082,-1.32286715554464
"Poa fendleriana",2.72455237402915,-2.62262699042939,-1.9918317679655,-1.21819263077355
"Poa glauca",-0.503937351582017,2.32306048949862,0.534103197426925,-0.886745280723737
"Poa hothamensis",-2.4339921039313,-1.63564031060537,-0.321141698118566,-1.62332625914118
"Poa lanata",0.650365381350435,4.38323871951231,-0.112240435786202,-0.842396390553967
"Poa pattersonii",1.88768130379575,2.73264962801765,-0.803243936151538,-1.24915161066184
"Poa pratensis",0.108890734639516,-1.37320596794396,0.925224014250274,0.19923876942537
"Poa tolmatchewii",4.16949206340176,6.0670501844662,0.743369189977827,-2.07142368093078
"Podagrostis humilis",-0.285424363895814,0.876206412574482,-2.19703864328996,-2.42652522388456
"Podolepis robusta",-2.03208251179524,-1.26892995827503,0.158922365832731,-1.66501976980402
"Pogonatum dentatum",0.0942888654866956,2.43945878454422,0.129994804995364,0.206178642718945
"Pohlia cruda",-0.55283073665512,0.666251426771938,0.246053109578984,-0.136466446493856
"Pohlia nutans",-0.667564597596038,-0.311615891692894,0.750929402163428,0.022997219376508
"Pohlia proligera",-0.447619162171763,1.10618486194765,-0.00287741324004606,-0.138967622226082
"Pohlia wahlenbergii",-2.14498937518794,-0.636380220681977,0.873414566395791,-0.332251144278177
"Polemonium acutiflorum",2.10130921909622,3.53246013860963,-0.415821687466193,-0.633802914373401
"Polemonium viscosum",1.42692046952601,2.21204658034748,-0.950854961078219,-1.28938545372667
"Polygonum bistorta",-0.727094982231679,-0.955242758458305,0.396994608137012,0.839036308395712
"Polytrichastrum alpinum",-3.32552099374166,1.34968731164858,-0.113606549331417,-0.465823267653281
"Polytrichastrum sexangulare",-3.5522283974696,3.7395210825013,0.305238701429319,-0.459208854366804
"Polytrichum commune",-0.311049764095638,-0.547948023371884,0.578203066229476,0.366095545113575
"Polytrichum hyperboreum",1.58553158295306,4.23007507978678,0.591418809511839,-0.853719216681715
"Polytrichum juniperinum",-0.573400433988729,-1.64775442634022,0.11010655273701,-0.356200624383641
"Polytrichum piliferum",-0.587011265146583,-0.942480983371056,0.197108666885418,-0.0686742200685866
"Polytrichum strictum",-1.30942278666198,0.180784146080867,0.672737484004585,0.14797610377702
"Populus tremula",0.840855119365459,-0.591809456714374,0.448531909617149,0.520312572176017
"Poranthera microphylla",-0.49098798372914,-4.89602471898012,-0.0962010919233657,-0.159083366449627
"Potentilla crantzii",-0.872345431603147,1.82979594385466,0.818691303180098,-0.218332868766134
"Potentilla diversifolia",1.15605012774553,1.58230319101807,-1.01995102844498,-1.56450798093959
"Potentilla erecta",-1.10126316029142,-0.440076176397455,0.763320998525641,0.246756779404408
"Potentilla hookeriana",2.92982975281208,3.3906697751523,-0.583822922760924,-1.12815341479
"Potentilla hyparctica",3.01188712676258,5.52474377416294,0.634215214941379,-1.84401683315776
"Potentilla matsumurae",-7.40926418769288,3.19130908684244,-3.21620685112473,3.73861928742472
"Potentilla nivea",1.36450393413724,3.60653203092751,0.0428359633526165,-0.833146717074665
"Potentilla uniflora",2.68254853054425,4.54362504653534,-0.340273798013217,-1.11468118030259
"Potentilla vahliana",4.55032962578701,6.16933873620668,0.375661058424089,-1.98052954935522
"Potentilla villosa",-6.48028169465669,2.58941010677096,-1.02689983615285,-0.704399551962063
"Poterium tenuifolium",0.868129800820467,0.746389571658966,-2.19945394130692,1.93609124471742
"Primula algida",0.911403929921683,2.9029015204859,-0.945512021076563,-0.212076210574462
"Primula angustifolia",1.88231963863815,2.6371011908737,-0.996758286310051,-0.889231999322786
"Primula cuneifolia",-3.34399884044004,3.90112412889415,-0.409566251995307,0.351397811598568
"Primula glutinosa",-2.00924935324782,4.41647937710194,0.0344908774935705,0.420651473253497
"Primula integrifolia",-2.24715999498602,2.0765405998322,0.390105467887917,0.00389106596354471
"Primula parryi",1.42621644913841,1.81374012179641,-0.955494941419713,-1.16227528127682
"Primula ruprechtii",-1.73767705428166,2.80988596177907,-0.348879831276417,1.07284727307703
"Primula scandinavica",-0.783459821060538,2.38080248014594,0.84238840030728,-0.667472397583251
"Prostanthera cuneata",-2.65936857701602,-0.686350869722188,-0.0709735871140277,-1.68843269798487
"Protoblastenia rupestris",-1.05094514039944,-2.24928883855464,1.46231288601583,-0.371647858926679
"Protochilopsis grandiretis",1.01671236775898,2.54899266698013,0.692417021783738,-0.205789522053124
"Protopannaria pezizoides",-1.67972945383579,1.45212941339022,0.573791047790893,-0.109994006685597
"Prunella vulgaris",-0.678418705538952,-2.41153694142188,-0.40887192924495,0.707032894613697
"Pseudephebe pubescens",-2.13016699993259,2.09359620724803,0.623675996708639,-0.847693777383639
"Pseudocherleria macrocarpa",2.20338627334794,5.1962556636323,-0.547867039315524,-0.662395615129488
"Pseudorchis albida",-2.38983324636037,2.67555954947547,0.19137630391815,0.8695709001927
"Pseudostereodon procerrimus",0.101189132992213,3.17479812882705,-0.0442035419410363,0.00904116588493653
"Psora decipiens",1.02901309653829,-3.21253227204036,-0.767072525881985,-0.463340050217491
"Psoroma hypnorum",-1.58821161655073,1.7918306111126,0.563418440488689,-0.942419252379333
"Ptilagrostis concinna",1.85289010723478,2.52894429308695,-2.37708319445449,-1.81108268144409
"Ptilidium ciliare",-0.589280417972736,0.264564567740155,0.794651130628881,0.0504588623191733
"Ptilium crista-castrensis",0.577689033278839,0.303064023981616,0.222740204423342,0.62609167367138
"Ptychostomum compactum",-0.372556676815203,-0.859900074725304,1.06697838254276,-0.272258787637973
"Ptychostomum pseudotriquetrum",-1.59101608799391,-0.680006602360465,0.636944117794989,-0.149508261712993
"Pyrola grandiflora",3.24603152989513,4.20424207158871,-0.187414018512183,-0.982689578487719
"Pyrola minor",0.259724781842148,0.966323474650361,0.523648117610376,0.2997393818398
"Pyrola rotundifolia",1.15690655786113,0.324817980996829,0.262275854278249,0.629732174229349
"Racomitrium lanuginosum",-3.43802447894916,0.453632993613614,0.500109270135736,-0.23011695980191
"Radula prolifera",1.75167133095466,4.64807873404189,-0.333541924396168,-0.881569676982334
"Ranunculus acris",-0.357326588320557,-1.77458361481936,0.997155999766134,0.433462861362989
"Ranunculus adoneus",1.43255072881618,1.86005104216865,-0.954461316553205,-1.32613413616198
"Ranunculus brotherusii",1.77747179497874,0.639794966865903,-2.68633482375866,-0.812967475835118
"Ranunculus hyperboreus",1.2153643528331,2.72019631011073,1.02465321178796,-0.874308723372603
"Ranunculus montanus",-2.46008109621929,1.92229617417678,-0.143272852720974,1.56499499275532
"Ranunculus nivalis",0.465696811126687,4.23458271988529,1.15767668547128,-1.33275378934803
"Ranunculus paishanensis",-4.07593365881652,2.10653358478056,-2.51617863184311,3.64760187336906
"Ranunculus propinquus",1.68558282341475,2.57424760144193,0.149878435121565,-0.188806939548256
"Ranunculus pulchellus",3.77645255651648,2.81385498654238,-2.09929118677712,-1.63159178287209
"Ranunculus pygmaeus",-0.676322962010008,3.94836626292117,1.09341912863908,-1.2504933449673
"Ranunculus sulphureus",2.40569209403864,5.16424488635477,0.768701600071018,-1.67930582006703
"Ranunculus victoriensis",-3.00834243101099,-0.478483139179028,-0.260849644689887,-1.83816255517739
"Rhinanthus minor",-0.794386269048561,-1.09671928818856,1.15276759710368,0.0363762155774813
"Rhizocarpon geographicum",-1.58442236021581,0.15237248525226,0.691430809695617,-0.22209592316548
"Rhizomnium andrewsianum",3.36790595421506,4.6486132400161,-0.388928901684232,-0.931109019450023
"Rhizomnium pseudopunctatum",0.149006136712159,1.29693679664409,0.66879431448265,0.0782689326194544
"Rhizoplaca melanophthalma",1.71409075624025,-0.739870640937939,-1.26962732075217,-1.56520642579483
"Rhizoplaca novomexicana",2.30937450042747,-1.6827186652514,-1.75456252859528,-0.795451361512841
"Rhodiola integrifolia",0.44869215008233,2.5829406864155,-1.01241994367606,-1.5774174618721
"Rhodiola quadrifida",2.7857818862034,4.8203263694165,-2.22469566588716,-0.445459258681988
"Rhodiola rhodantha",1.55739639146741,1.8503159223667,-0.845922259979487,-0.99097114791878
"Rhodiola rosea",-2.28685203459193,2.7426701038629,0.675261407277557,-0.360204871114176
"Rhododendron aureum",1.24521510671196,4.63496336877634,-2.21900367001835,0.55702792653884
"Rhododendron camtschaticum",-2.66023670789283,3.65900799552479,0.389043877977258,-0.222950622083172
"Rhododendron ferrugineum",-2.01727060083769,2.36499165284897,0.0830332695783131,0.608225137731352
"Rhododendron groenlandicum",0.177730794314942,0.939895572150881,-0.910818514064396,0.89893059236475
"Rhododendron lapponicum",1.4417708953649,3.71002286534209,0.273057877170733,-0.563514046620518
"Rhododendron tomentosum",1.93937388871579,0.925053317845743,0.384445113366126,0.475066044453577
"Rhytidiadelphus loreus",-3.35374469346312,-0.451849837693104,-0.0985218670864294,-0.35865464238675
"Rhytidiadelphus squarrosus",-0.685136805663102,-1.64995298779214,1.28266229440558,-0.120950849147503
"Rhytidium rugosum",-0.120870008140769,0.331012816823514,0.254820640837859,0.0371077654497596
"Riccardia latifrons",-1.43795423767833,-0.476459661271875,0.36540710806285,0.145837530716137
"Riccardia palmata",-3.11095457728126,-0.33541715773558,0.522551723754495,0.253040714394526
"Rinodina olivaceobrunnea",0.189393838717154,2.57803944124226,0.497390207717723,-0.568290079196374
"Rinodina turfacea",1.00847246214209,2.61000666078768,0.507240355835613,-0.234908237218799
"Roaldia dolomitica",1.16056960533158,1.30458651748075,-0.335045006052411,-1.00892280765852
"Rosulabryum capillare",-0.966972405532196,-2.35561191679859,1.08783405545707,-0.240745891779096
"Rubus arcticus",1.82068784524473,1.66744994322307,0.0735165849212557,0.266827401753349
"Rubus chamaemorus",-0.138263704865514,1.5560339733814,0.483135926026102,0.106726712685614
"Rumex acetosa",-0.609103090387924,-1.74798267117112,1.2077489642597,0.193327542118253
"Rumex acetosella",-0.0967815681442306,-1.59988882521844,0.445319795927861,0.0272243330353796
"Rumex arcticus",3.00431601693259,4.71993831895886,-0.0647729533886485,-0.970813448137695
"Rumex lapponicus",-0.606941472534694,3.09928335876648,0.719290695453674,-0.473709037806988
"Rumex scutatus",-1.72069311836447,0.495947825287084,-0.145840736322281,0.617732256723199
"Rupiphila tachiroei",-1.59498208905811,1.32661503863067,-3.64418742879815,2.73403913194396
"Sabulina rosei",2.71038721933008,3.205093608719,-1.47793543024372,-2.5786208436719
"Sabulina stricta",0.459273861528197,3.38103972841781,0.81550644112221,-1.00108648750387
"Sabulina verna",-2.05041709101003,2.15440169596092,0.184026715588922,-0.0556562605051369
"Saelania glaucescens",0.497121070644829,1.41215228099301,0.15724414807967,0.122296256911692
"Sagina caespitosa",0.526893216172645,4.10105478121601,1.27571254978499,-1.27676898395442
"Sagina nivalis",-1.05392594645445,3.61193431746369,1.54661312321124,-1.45373752079787
"Sagina nodosa",-0.161698267142938,-0.957357929960316,1.60349153121839,-0.186504773563197
"Sagina procumbens",-0.134034628761405,-1.32093264302196,1.00049558133832,0.28123676901631
"Sagina saginoides",-1.82325796716138,2.28935241085086,0.301278714800063,-0.250392037983486
"Salix alaxensis",2.9880264316363,4.09609247773266,-1.01448639841131,-0.525221590585559
"Salix arbusculoides",4.05922751865594,3.07157965788129,-1.34693883226637,-0.063581505734493
"Salix arctica",0.430864700059968,3.66196598421292,0.836645205218218,-1.62003630023129
"Salix arctophila",3.10407900618861,4.83711104798855,0.0357606778376394,-0.547569097386571
"Salix chamissonis",2.4588681503486,4.71062629256273,-0.412922643575808,-1.12557674545439
"Salix fuscescens",2.98868281727644,4.36300507275502,-0.586507501131545,-0.674755433007505
"Salix glauca",-0.368411161732564,2.72520236361763,0.621093446585657,-0.409581599486663
"Salix hastata",-0.646659062115598,2.28842251731984,0.627419697924675,-0.115027036621996
"Salix herbacea",-2.36710632408572,3.48217854145229,0.855274478748616,-0.514809073388892
"Salix lanata",-1.06992547920061,2.73412535290455,1.1704757575051,-0.89052838104827
"Salix lapponum",0.940229684706551,2.01832321994947,0.762231228621959,0.160683127580175
"Salix myrsinites",0.159880287679379,2.2933158293696,0.94238676449202,-0.345050149345782
"Salix niphoclada",3.53737490983196,4.16821404021264,-0.677581745508731,-0.920121691622887
"Salix nivalis",0.951989022373259,2.55119360402068,-0.769919108334945,-1.4311599841142
"Salix nummularia",2.99511475613679,5.39589913643306,-1.1220856883787,-0.630296801898606
"Salix ovalifolia",1.72652241108017,4.29651756225897,1.15582308370777,-1.74039134336939
"Salix pedicellaris",2.25399683812614,0.971544204996476,-1.22321851515776,1.16824226294548
"Salix petrophila",0.117221632501804,2.22092021430382,-1.7008273934188,-2.63052713706837
"Salix phlebophylla",3.40345765332864,4.85982682125812,-0.460688502108096,-1.27522014431789
"Salix phylicifolia",1.46985638281832,1.12801919446461,0.696733860326069,0.401712764254966
"Salix planifolia",2.62013443885599,2.44763535119734,-0.981927681267513,-0.248442466910199
"Salix polaris",0.409062292654519,4.34629520094382,0.939202529142211,-1.23667689542077
"Salix pulchra",3.07734299110912,4.41509216859084,-0.571740096747735,-0.665971491953027
"Salix reticulata",-1.18932437915583,3.40265471749327,0.620898767196214,-0.399140317644099
"Salix retusa",-2.98823738598951,3.23998427602953,0.265962536784086,0.579636834008309
"Salix richardsonii",4.08377538403011,4.88327725336174,-0.626271506447329,-1.13112846865145
"Salix rotundifolia",1.71340489694787,4.47578840835812,-0.0377709318888512,-1.35315660366274
"Salix uva-ursi",-0.118609561840826,3.39731735501797,-0.373203494264277,1.54241089533541
"Salix viminalis",0.435247683507352,-1.72439673382065,1.12768167787529,0.166352102296955
"Sanguisorba canadensis",-0.859914699205847,0.258550497076168,-0.114286708743193,1.60670461527535
"Sanionia uncinata",-0.186883873395024,0.625287247880334,0.544414488162755,0.143696095280915
"Sarmentypnum exannulatum",-0.72155383970161,1.01220298635608,0.713639400427351,-0.0482346925596801
"Sarmentypnum sarmentosum",-1.75275046598009,1.94102542241977,0.677141333514705,-0.163841986919221
"Sarmentypnum tundrae",1.37318576015001,1.88284882891296,0.733448682746788,-0.0493130519506649
"Saussurea alpina",-0.866585940682701,2.43203495281344,0.838872131024082,-0.312592433166435
"Saussurea angustifolia",3.47147858960915,4.33314400627493,-0.803362097855098,-0.929884932624966
"Saxifraga aizoides",-2.26748848070491,2.75838264289525,0.299190120274188,0.33857976228663
"Saxifraga androsacea",-2.69764307558383,3.54569089133258,0.0663667414552205,0.749622848615592
"Saxifraga bronchialis",1.25264736212452,2.48019627605059,-1.09582990675055,-0.953404872929793
"Saxifraga cernua",0.331012975752036,3.99659295610653,0.701739586169527,-1.20668116879221
"Saxifraga cespitosa",-0.972089764433413,2.96516498840487,1.33487522169076,-1.46754399092812
"Saxifraga exarata",-2.19172171590664,2.66133256560729,0.262423431986594,-0.216755501411955
"Saxifraga flagellaris",2.48173242359696,4.55102915357308,-0.797646039658165,-1.12050185192286
"Saxifraga hirculus",1.87606797577706,2.74220080445265,0.407269572053448,-0.254943935623189
"Saxifraga hyperborea",2.47887722068837,5.15036367304137,0.0354097168171576,-1.52448533544812
"Saxifraga hypnoides",-4.30309385848291,0.75192959690853,1.16998376204807,-0.80631809188857
"Saxifraga oppositifolia",-1.6281727568219,3.14708121160739,0.586736116599138,-0.487723606799271
"Saxifraga rosacea",-1.23826806785296,-1.04342595817506,1.04138679142317,-0.183302883236057
"Saxifraga tricuspidata",3.18232519815494,3.87323997299203,-0.281347761705265,-0.984809279782617
"Scapania paludicola",0.581759407459853,1.60625887540204,0.507100704520752,0.293114389513631
"Schistidium tenerum",2.73587961037969,2.60796412164864,-0.515507892781706,-1.08051228739886
"Schljakovia kunzeana",0.687342017680538,1.89310566699432,0.543838151491942,0.0212030652041354
"Schljakovianthus quadrilobus",-0.0697258885403683,3.11753488058754,0.604511977581773,-0.496323587173105
"Scirpus maximowiczii",2.19411058820029,5.17792855568116,-2.83168609296098,0.792682015856022
"Sciuro-hypnum latifolium",0.295520744310001,2.53259970868521,0.106583702120567,-0.686594602833761
"Scleranthus biflorus",-0.936536558241802,-3.08315721842363,0.493749367194669,-0.675036907472113
"Scleranthus singuliflorus",-3.80288345623911,0.194658304735152,-0.311548531671394,-1.39553602236432
"Scorpidium cossonii",-0.368934873239611,0.614817038594047,0.9781985476064,-0.0151058431293328
"Scorpidium revolvens",-1.17329017891414,1.14701418532855,0.802806820278329,-0.0398481374628564
"Scorzonera cana",1.34118474169376,-3.97893871037101,-1.04259370008176,-0.353697509179502
"Scorzoneroides autumnalis",0.572244089035811,-0.45379588683757,0.745359835187833,0.34250861323281
"Sedum alpestre",-2.45652598329856,2.8597452469906,0.258968285310146,-0.129735745199653
"Sedum atratum",-2.60187377267933,2.60127459780288,0.195003498390746,0.444991962871123
"Sedum lanceolatum",1.95765022577409,0.0576152300332576,-1.25058363154315,-1.34802819745072
"Sedum tenellum",-3.37588406740272,3.61815370261425,-0.415398878029641,1.10314746520062
"Sedum villosum",-2.12445435116822,0.740930165421029,1.36588480698388,-0.990930312545886
"Selaginella densa",2.1326881007032,-0.0741824009639427,-1.58649438791345,-0.902779648590175
"Selaginella selaginoides",-1.73547419813046,2.18224092618454,0.432831898424155,0.181202931430654
"Selaginella sibirica",3.77448663256504,3.26475781000424,-1.76017720330102,-0.0896275228825533
"Sempervivum caucasicum",-1.12109601381425,1.78332695079214,-0.49281698148385,1.29549635499245
"Senecio fremontii",0.375247315097903,1.62399094972667,-1.6966479582941,-2.49585388249783
"Senecio gunnii",-1.95744667442502,-1.66588642719705,0.390192503502544,-1.74259752837136
"Senecio lugens",2.47031914383576,3.47871909533348,-0.655356671574586,-0.891254495986084
"Senecio pinnatifolius",-0.204141169700013,-5.36819663862255,0.0297970331694035,-0.8178946690399
"Sericomyia superbiens",0.321499982162201,0.76420717900743,0.82601676643051,-0.390710277356817
"Sesleria caerulea",-1.43580503578888,-0.316436180977503,0.0816044553337924,0.903404913954643
"Sibbaldia procumbens",-1.97885912854205,3.42663463064117,0.191686619318678,-0.75966486195781
"Sibbaldianthe bifurca",4.44464888959938,0.528262343912872,-2.34940140920746,0.389051062406499
"Sibirotrisetum sibiricum",2.79115885061319,1.65653639935292,-1.76950753916607,0.584275193710947
"Silene acaulis",-1.6503822299231,3.3845955794865,0.515813943492532,-0.364041661715633
"Silene apetala",1.82601562665587,-7.41759419008721,-1.09662747387118,-1.10062047891479
"Silene dioica",-0.737726051203989,-1.94640787872749,1.21230068192882,0.247674789118377
"Silene involucrata",3.71598168735987,4.9955519671005,0.318646146292157,-1.42230203041929
"Silene repens",4.1620411842073,2.07591362577206,-2.41522033421245,0.292879860459439
"Silene saxatilis",-1.25336503560501,1.73712442842557,-0.494557066655556,1.03433155449791
"Silene wahlbergella",0.980530275094166,3.68786570125797,0.747150702210829,-1.11822134160387
"Siphula ceratites",-5.75804450419715,2.7305318896056,-0.340667643176414,-0.341289840712618
"Soldanella alpina",-2.58137103112121,2.44433391544007,0.0362843450940381,1.16207008397852
"Soldanella pusilla",-2.43622091144834,3.88017559682859,0.00256837029904414,0.988585546434853
"Solidago multiradiata",1.13203446942895,2.04903192496499,-1.09438087046959,-1.35966605227828
"Solidago simplex",2.28688241555221,0.202945640662753,-1.24922637874719,-0.504370220202716
"Solidago virgaurea",0.15158447830358,0.155892524984572,0.443411242442735,0.451894746877599
"Solorina crocea",-1.52416297536428,3.16759626915176,0.539422827162507,-0.668407225411457
"Solorina spongiosa",-0.820992571501033,1.86116309571575,0.666109751421299,-0.396571066330207
"Spergula arvensis",0.0384304122751927,-1.63526129796869,0.702393484735618,0.0275999041641002
"Sphaerophorus fragilis",-2.22712267626736,1.36443711226442,0.754252765771449,-0.379071081964615
"Sphaerophorus globosus",-2.93549044789161,0.339313498957744,0.280106412834432,-0.341798898887426
"Sphagnum angustifolium",-0.166961738850086,0.439875609974639,0.637607449179558,0.308186020455802
"Sphagnum annulatum",-0.370945512581002,1.95508969540265,0.176323025489392,0.199553445894544
"Sphagnum aongstroemii",1.65760581050669,2.65859337222902,0.217041038027749,0.0625874398795697
"Sphagnum balticum",1.08780614206871,1.39441445440552,0.451067925222445,0.203699853607988
"Sphagnum capillifolium",-1.10125981859397,0.0103765267350522,0.627408730254148,0.226060042909082
"Sphagnum centrale",0.649679655373244,0.663688181556899,0.270928633055321,0.687615113220174
"Sphagnum compactum",-2.05879562859302,0.184590088327914,0.690108696611042,0.0623981313013015
"Sphagnum fallax",-1.70850578548841,-0.93048693783614,1.22221394068509,-0.0991082549204298
"Sphagnum fimbriatum",-0.893256261138818,-1.4267055636005,1.34852640265234,-0.155961990516115
"Sphagnum fuscum",0.337381594880126,1.10754804057753,0.463016545695716,0.22451491344905
"Sphagnum girgensohnii",-0.834372235914745,0.309699777475429,0.628655396220515,0.29492179866397
"Sphagnum jensenii",1.2240092740181,1.85041341129222,0.393679020856351,0.362204349266225
"Sphagnum lenense",3.29390351135539,4.32426758001972,-0.662290621103373,-0.549019774909079
"Sphagnum lindbergii",0.196393536370648,2.03700662270475,0.344744038278752,0.145030982416388
"Sphagnum recurvum",-1.7261646737574,-1.36397312493785,-0.230820267704707,1.21268365630812
"Sphagnum riparium",0.891903570212318,1.3679797472496,0.480146161488596,0.334385018335633
"Sphagnum rubellum",-2.61701643763003,-0.543878025269352,1.02414119867781,-0.0631891985465557
"Sphagnum russowii",-0.35847278945569,0.766582997917221,0.733509057565954,0.187525134270479
"Sphagnum squarrosum",-0.300943436657051,-0.502355199156881,0.631105771048005,0.18339085186847
"Sphagnum teres",-0.52604459713917,0.397812231752989,0.813691315253339,-0.0423524326302142
"Sphagnum warnstorfii",0.621531709959952,1.40022515550287,0.625649876765055,0.196101065752983
"Sphenolobus minutus",-1.52287461556264,0.65496989899143,0.411930244226245,0.08278970487497
"Sphenolobus saxicola",1.01211153711545,0.644101582944131,0.491790473378566,0.394454764297165
"Spinulum annotinum",0.34409935989047,0.732557093729184,0.230918744205212,0.676222873923895
"Spiraea betulifolia",0.320703714112383,1.36427190162334,-1.43431731848556,0.336925418786324
"Sporastatia testudinea",-0.191150068027991,3.07672327883469,-0.0624751867750167,-0.889785503148294
"Stellaria edwardsii",3.71410828192919,5.33378796957564,-0.516882634936066,-1.18304705287933
"Stellaria humifusa",0.760709216342367,3.2933022558246,1.1464620568844,-1.36128235534807
"Stellaria irrigua",1.5492342794566,1.76559774698068,-1.6389644422121,-1.44954591435815
"Stellaria laeta",3.28298118965628,4.38528869953674,-0.443336440309363,-1.17806722836494
"Stellaria longipes",2.56366836156701,2.46542151143633,-0.851679642733448,-1.48152903280264
"Stellaria media",0.0213657685904429,-2.71699488143774,0.0129131454858839,0.629531658073264
"Stellera chamaejasme",3.57593118667776,0.336804499218225,-3.42293060880716,-0.124738635112659
"Stereocaulon alpinum",-0.862910357864545,2.92865295608757,0.892548245245743,-0.954358119170473
"Stereocaulon paschale",0.932378644335697,1.72736523383218,0.238957512470538,-0.00474840145798112
"Stereocaulon rivulorum",-0.0933260427040234,3.22051172518122,0.80236823136207,-1.1152805076343
"Stereocaulon tomentosum",0.532634744156551,1.03897752279431,-0.146712506454694,-0.0206166539584954
"Stereocaulon vesuvianum",-3.81167422572241,0.514568663541831,0.728072452381731,-0.38895883343694
"Stereodon callichrous",-4.88976869171379,1.64467589391546,0.0615772480878309,-0.126909310015059
"Stereodon hamulosus",-2.11932317293955,2.17355561896025,0.464958511142088,-0.341961010454055
"Stipa purpurea",3.44822522970294,1.97231120104979,-2.18136985924981,-2.30916439028649
"Straminergon stramineum",-0.92680442726069,0.37317019048036,0.925222196216417,-0.0162550830398032
"Swertia perennis",-1.50429885612852,1.45263221779562,-0.178875822906665,0.0603917108213721
"Syntrichia ruralis",0.242930359716676,-1.90806058963333,0.792932255370512,-0.0487115651480815
"Taraxacum ceratophorum",3.1826181358721,4.15224263090438,-0.628520457738964,-0.8243886067133
"Taraxacum croceum",-0.940693559673323,3.0356408488964,0.735444976333531,-0.664567590450237
"Taraxacum mongolicum",1.71074991154935,-2.15062890426047,-3.49788835654705,1.95953873998436
"Tayloria tenuis",0.219750709109012,0.847328872145926,0.681590890648275,0.351397294515416
"Tephroseris integrifolia",1.8916216532261,1.73265375184949,-0.478203975244469,0.00921394726189914
"Tephroseris lindstroemii",3.15398583796571,4.44986404978447,-0.47323988539293,-1.29555901563755
"Tetralophozia setiformis",-0.985348374614161,2.46223052155347,0.172153061594831,-0.111599519901087
"Tetraneuris acaulis",3.49859334307627,-2.82554262104516,-2.09224336477689,-0.447553651450877
"Tetraplodon paradoxus",3.52336470287772,4.97557939966443,-0.0316946466044193,-1.50538152389016
"Thalictrum alpinum",-1.88970551571545,2.42531776484245,0.835344054045865,-0.575531567714081
"Thamnolia subuliformis",1.2060911643946,3.77540267380898,-0.0252304612988274,-0.98307055714213
"Thamnolia vermicularis",-1.438565442794,2.48366322817373,0.70425946489362,-0.754521558106669
"Thymus praecox",-2.31306378819173,-0.308062296081011,0.992251317943414,0.00658273182516086
"Thymus reverdattoanus",3.82754750259356,5.77581338850135,-0.601812790480939,-0.272370301343474
"Tibetia himalaica",1.34703975886964,1.08851029859193,-2.66585257575075,-1.01355374536125
"Tibetiodes flaccida",3.06094071634779,3.17232278865846,-2.1761609523379,-1.24364874606852
"Tilingia ajanensis",-0.697746761318381,3.74545503890922,-1.97961036775907,1.9048714899572
"Timmia austriaca",0.0953937841684162,1.28438657616426,0.0593388550143322,-0.66589791717391
"Toensbergia geminipara",-0.21051320526689,2.67693817379798,0.597151217899487,-0.218232028372049
"Tofieldia coccinea",0.71925584599217,4.38571637240681,-1.28251041645487,0.346937281022272
"Tofieldia pusilla",-0.879465571960626,2.37715702390216,0.797581176380278,-0.376598757291302
"Tomentypnum nitens",0.896657874300346,1.43504747970263,0.616128794359947,0.108368562625335
"Tonestus pygmaeus",1.46218040899838,2.50511816097648,-1.0279135219374,-0.951863618334171
"Tortella fragilis",0.325146561880068,1.96143040939477,0.359658291469077,-0.243333450675936
"Tortella tortuosa",-2.38364074516117,-0.194992531130348,0.451065864916548,0.0849219051893619
"Tortula hoppeana",-0.828510515062161,2.41089327103582,0.0172250867761507,-0.863080711331466
"Trachymene humilis",-2.36334476291374,-1.70086829768896,0.212283296719587,-1.46487460687403
"Trichophorum caespitosum",-5.17797852406798,0.129738403487153,1.15329147068464,-0.571867595034632
"Trichophorum cespitosum",-1.86149631244865,1.26823167534251,0.489412329444016,0.177261052027777
"Trifolium dasyphyllum",1.89975560976995,2.10549316292949,-0.837015690910813,-1.04485486885419
"Trifolium lupinaster",3.89707238005022,1.16028623473159,-1.94933791869327,0.906395764042947
"Trifolium nanum",1.44805287779287,2.65807005632279,-0.901500287293386,-1.00357335251299
"Trifolium parryi",1.38260971985047,2.45141142156178,-0.731355472304001,-1.04682008580993
"Trifolium repens",-0.63287192941729,-3.81534607856314,-0.946507613587259,1.45758517918898
"Trilophozia quinquedentata",-2.08899883800904,0.820768482699915,0.597084449678627,0.0473832840238955
"Tripleurospermum caucasicum",-1.88064686361085,0.774883257041654,-1.58768671888345,-0.355209143746209
"Trollius europaeus",-0.375258438747677,1.12199784124645,0.249348280092429,0.769337014645888
"Trollius japonicus",-5.15707241791545,3.73496766535092,-2.90092107882491,3.82946992331013
"Trollius laxus",0.572943615288031,1.63361953160253,-0.905787609978294,-1.1356010258249
"Turanecio taraxacifolius",-2.69722068246752,4.29891370540389,-0.157314311996511,1.01403861124437
"Umbilicaria krascheninnikovii",1.2147058543964,0.78386379610982,-1.59771850532729,-1.95634474555592
"Vaccinium microcarpum",0.312387283984497,1.4859168760758,0.579235829048351,0.105867096181548
"Vaccinium myrtillus",-0.482052242282579,-0.595812679304209,0.671311788997903,0.472831910389776
"Vaccinium uliginosum",-0.264100126261739,1.12934155484815,0.503658693981906,0.230874173728181
"Vaccinium vitis-idaea",0.375060596503228,0.491594829816649,0.397341551980752,0.4249886593542
"Vahlodea atropurpurea",0.0126500533102118,2.84914155430615,0.669890744303507,-0.647979066753779
"Valeriana capitata",2.8485799674927,4.34887455386569,-0.420163574892847,-0.862428215916716
"Valeriana sitchensis",-2.76661241053636,1.39242176443718,-2.48609908586024,-2.34736819136252
"Varicellaria rhodocarpa",-0.483160282146333,2.53118016018008,0.334290804941837,-0.0670275364571004
"Veratrum oxysepalum",-0.825426753439233,2.73106850933731,-2.00556205781713,1.34294881078707
"Veronica alpina",-2.11278120030638,3.597911307213,0.789044354026757,-0.358196740547112
"Veronica aphylla",-2.76125066567964,2.69884606045923,0.0859672482855546,0.767698448193971
"Veronica fruticans",-2.18188628311158,2.52596270727443,0.423687395685963,-0.0489604906930626
"Veronica gentianoides",-1.31606828233619,1.48046381721685,-0.230568217213748,0.705319865643802
"Veronica officinalis",-0.43592677546386,-1.26630777390967,0.293757424292291,0.663876911514222
"Veronica stelleri",-3.82688365664201,3.1705676831371,1.30647025577722,-0.392406945320989
"Veronica wormskjoldii",-0.524459444775746,2.24770649395919,-1.33932309766161,-1.75412145686308
"Vicia cracca",0.55979387155295,-1.06280109425834,0.479729145815369,0.571144337591439
"Viola adunca",1.11132081311168,-0.621962882863853,-1.84885733509677,-1.25545682855262
"Viola altaica",1.28150041406265,4.45824208540519,-1.59350931356515,0.0476931240728536
"Viola betonicifolia",-0.817682134162059,-3.8826610578581,-0.248285472859521,0.309543376146307
"Viola biflora",-1.6489909331875,2.51645461669348,0.215389430573614,0.469378180215502
"Viola multifida",4.24643258902993,0.804314883402836,-3.06316445425504,0.745846232418348
"Viola palustris",-0.897967364881415,0.127456968115785,0.652196708088444,0.0585141439971021
"Viola selkirkii",0.967631340771527,0.645177734345534,-0.641147244190346,1.33024096247669
"Viscaria alpina",-0.750267458739187,2.50525014836539,1.06578865148602,-0.651312002336777
"Vulpicida tilesii",2.40520659773898,4.25830823338107,-0.543998686419245,-0.78596935230083
"Warnstorfia fluitans",-0.52891511468523,-0.36785428528733,0.979479131703076,0.0616420966451763
"Warnstorfia pseudostraminea",1.25363864669279,1.48811091793748,0.395418338371972,-0.051009672544817
"Xanthoparmelia chlorochroa",3.85171546018747,-1.57031772094014,-1.97986649064831,-0.563436256207418
"Xanthoparmelia stenophylla",0.968284900445186,-0.982293188684974,0.235281152454645,0.283909271111467
"Xanthoria elegans",0.647580122864275,-0.569513081861908,0.0138710442024254,0.112227235329313
"Xerochrysum subundulatum",-2.50118091145508,-1.34408356450548,0.248179025158312,-1.74042934528543
